class,neg,pos,pred
0.0,0.999999999686,3.13841202404e-10,0.0
0.0,1.0,1.17262007565e-25,0.0
0.0,0.999991376674,8.62332647258e-06,0.0
0.0,1.0,2.03772240669e-44,0.0
0.0,0.0957500938655,0.904249906134,1.0
0.0,1.0,1.15672904715e-29,0.0
1.0,5.17046081855e-43,1.0,1.0
0.0,1.0,5.09705660886e-18,0.0
0.0,0.99999987148,1.2851969253e-07,0.0
0.0,0.0340050146358,0.965994985364,1.0
0.0,1.0,3.32184258203e-71,0.0
0.0,0.999830671274,0.000169328725702,0.0
0.0,1.0,9.29336944159e-23,0.0
0.0,0.999999999971,2.91345034843e-11,0.0
0.0,0.994817796662,0.00518220333782,0.0
1.0,3.31618097297e-116,1.0,1.0
0.0,0.99989247602,0.000107523980422,0.0
1.0,2.07369330578e-43,1.0,1.0
0.0,0.99999999501,4.98970574543e-09,0.0
1.0,0.175816468542,0.824183531458,1.0
0.0,0.999999999978,2.19786697436e-11,0.0
0.0,1.0,9.45642046986e-50,0.0
1.0,0.651264332768,0.348735667232,0.0
1.0,8.45369816339e-09,0.999999991546,1.0
0.0,5.35933247935e-06,0.999994640668,1.0
1.0,1.80551507768e-05,0.999981944849,1.0
1.0,0.434052477591,0.565947522409,1.0
0.0,1.0,2.02580963582e-15,0.0
0.0,0.999999999997,2.82349920291e-12,0.0
1.0,3.90960554991e-11,0.999999999961,1.0
0.0,1.0,1.01658914307e-27,0.0
0.0,1.0,6.14754226711e-29,0.0
0.0,1.0,1.22190765606e-52,0.0
0.0,1.0,7.13310563857e-28,0.0
1.0,2.28127435561e-17,1.0,1.0
0.0,0.999999962815,3.71846353917e-08,0.0
1.0,2.52233939549e-15,1.0,1.0
0.0,3.29596913002e-06,0.999996704031,1.0
1.0,1.63824213252e-130,1.0,1.0
0.0,0.230899475516,0.769100524484,1.0
1.0,0.999534984384,0.000465015616019,0.0
0.0,1.0,2.84941482346e-47,0.0
0.0,0.999910294511,8.97054890574e-05,0.0
0.0,1.0,3.38599708027e-54,0.0
0.0,0.999831369654,0.000168630345902,0.0
1.0,0.0550837780666,0.944916221933,1.0
1.0,0.972551266883,0.0274487331174,0.0
0.0,0.999999999964,3.58571266067e-11,0.0
0.0,3.05130591592e-06,0.999996948694,1.0
0.0,0.00017855474284,0.999821445257,1.0
0.0,1.0,4.25214748131e-38,0.0
0.0,0.9974138412,0.00258615880046,0.0
0.0,1.0,6.23516102849e-18,0.0
0.0,0.00437896638939,0.995621033611,1.0
1.0,0.999999973179,2.68211299574e-08,0.0
0.0,0.162074497968,0.837925502032,1.0
0.0,0.999999608102,3.91897963827e-07,0.0
0.0,0.0133756853818,0.986624314618,1.0
1.0,1.0,6.18281783187e-16,0.0
1.0,2.12704463796e-25,1.0,1.0
1.0,0.0194627977041,0.980537202296,1.0
1.0,0.968542236364,0.0314577636358,0.0
1.0,4.46922512204e-05,0.999955307749,1.0
1.0,1.61790024976e-46,1.0,1.0
1.0,2.22530859663e-91,1.0,1.0
1.0,0.0803952699991,0.919604730001,1.0
0.0,0.999999999872,1.28375672501e-10,0.0
0.0,0.99999999466,5.33999090021e-09,0.0
0.0,0.999999999684,3.16253014262e-10,0.0
0.0,1.0,9.39466271528e-56,0.0
1.0,1.07710272152e-125,1.0,1.0
0.0,1.0,6.72447029564e-17,0.0
1.0,0.999999999141,8.58542313066e-10,0.0
0.0,1.0,4.47941443771e-36,0.0
0.0,0.999998337959,1.66204124789e-06,0.0
0.0,1.0,8.38510665971e-19,0.0
0.0,1.0,1.32696294774e-14,0.0
0.0,1.0,4.4888547207e-23,0.0
0.0,0.999999999979,2.135902571e-11,0.0
1.0,5.37152322613e-12,0.999999999995,1.0
0.0,0.999858488317,0.000141511682834,0.0
0.0,1.0,1.53214487965e-28,0.0
1.0,1.43715717549e-19,1.0,1.0
0.0,0.00688341398761,0.993116586012,1.0
1.0,0.999999525312,4.74688448094e-07,0.0
0.0,1.0,1.53146068523e-14,0.0
1.0,1.68982812017e-21,1.0,1.0
0.0,1.0,1.41546695407e-25,0.0
0.0,0.999999583953,4.16047254399e-07,0.0
0.0,1.0,9.4333462564e-18,0.0
0.0,1.6593042184e-08,0.999999983407,1.0
0.0,1.5422228601e-05,0.999984577771,1.0
1.0,2.81768662311e-48,1.0,1.0
0.0,1.0,2.30009456648e-13,0.0
0.0,1.0,4.17929084384e-44,0.0
1.0,9.02987311129e-13,0.999999999999,1.0
0.0,0.999998664744,1.33525553125e-06,0.0
0.0,1.0,8.83499792326e-50,0.0
1.0,5.69898015916e-11,0.999999999943,1.0
0.0,1.0,3.21797512205e-34,0.0
0.0,1.0,1.00955377425e-24,0.0
1.0,2.70862987994e-05,0.999972913701,1.0
0.0,0.999999999993,7.40276304488e-12,0.0
1.0,0.967696714962,0.0323032850381,0.0
0.0,3.04342106191e-24,1.0,1.0
0.0,1.0,4.97389519328e-27,0.0
0.0,1.0,1.08563465084e-14,0.0
0.0,1.0,6.67057875036e-25,0.0
0.0,0.999999999974,2.60581833923e-11,0.0
0.0,1.0,1.87838686714e-38,0.0
0.0,1.0,3.18196615668e-39,0.0
0.0,1.0,3.17373343833e-20,0.0
0.0,0.999999991841,8.15878287148e-09,0.0
0.0,1.0,1.87812250421e-32,0.0
0.0,1.0,5.08675417625e-27,0.0
0.0,1.0,1.15115264622e-24,0.0
0.0,1.0,8.42485726645e-26,0.0
0.0,1.0,4.46068994083e-48,0.0
0.0,3.19243936451e-42,1.0,1.0
0.0,0.999958136319,4.18636814498e-05,0.0
0.0,1.0,1.67270032054e-18,0.0
0.0,1.0,8.69649234501e-22,0.0
1.0,4.92225761373e-50,1.0,1.0
0.0,1.0,1.54122502073e-41,0.0
0.0,0.999999888192,1.11808441143e-07,0.0
0.0,1.0,2.97449784523e-20,0.0
0.0,1.0,9.76448377966e-20,0.0
0.0,1.0,1.57271116296e-14,0.0
0.0,1.0,1.53729570278e-24,0.0
0.0,0.999999999999,5.3272562289e-13,0.0
0.0,1.0,2.16218587825e-22,0.0
0.0,0.999999919389,8.06111328945e-08,0.0
0.0,1.0,1.35459444415e-25,0.0
0.0,1.0,2.57191884421e-40,0.0
0.0,1.0,8.11440253215e-40,0.0
1.0,2.97433039049e-61,1.0,1.0
0.0,1.0,1.54379733535e-15,0.0
0.0,0.999999953702,4.62981799275e-08,0.0
0.0,0.99999495266,5.04733950447e-06,0.0
0.0,1.0,5.2235805684e-23,0.0
0.0,1.0,1.83930245072e-33,0.0
0.0,1.0,4.06053403977e-16,0.0
0.0,0.999996125868,3.87413166578e-06,0.0
0.0,0.999999999999,5.89333355222e-13,0.0
0.0,1.0,5.66955742362e-31,0.0
0.0,1.0,2.8057683919e-24,0.0
0.0,1.0,3.54781436495e-23,0.0
0.0,1.0,6.35260933109e-57,0.0
0.0,1.0,5.9166701757e-17,0.0
0.0,0.999999999985,1.48991214365e-11,0.0
0.0,1.0,2.37080440057e-33,0.0
0.0,1.0,1.09853906295e-20,0.0
0.0,1.0,1.14004977776e-16,0.0
0.0,1.0,2.67134622902e-32,0.0
0.0,1.0,1.59773070605e-45,0.0
0.0,1.0,1.54908675368e-28,0.0
0.0,1.0,1.29769310073e-38,0.0
0.0,1.0,2.96454389693e-15,0.0
0.0,1.0,2.18579678035e-20,0.0
0.0,0.999999999975,2.52348337286e-11,0.0
0.0,1.0,1.20696507011e-19,0.0
0.0,1.0,7.03367860812e-24,0.0
0.0,0.99999999486,5.13987620872e-09,0.0
0.0,1.0,7.76501373608e-17,0.0
0.0,0.000970038181855,0.999029961818,1.0
0.0,1.0,1.95903614647e-36,0.0
0.0,0.997567947188,0.00243205281157,0.0
0.0,1.0,3.77301604319e-31,0.0
0.0,1.0,7.63215796844e-15,0.0
0.0,1.0,1.62599238274e-20,0.0
0.0,1.0,4.25391478359e-28,0.0
0.0,0.051552853492,0.948447146508,1.0
0.0,1.0,8.10003118538e-28,0.0
0.0,0.99999999958,4.19899470692e-10,0.0
0.0,5.80805474869e-19,1.0,1.0
0.0,1.0,1.13810258854e-52,0.0
0.0,1.0,1.59362065697e-26,0.0
0.0,1.0,2.00853800165e-33,0.0
0.0,1.0,1.29609840478e-16,0.0
0.0,1.0,3.75967719577e-28,0.0
0.0,1.0,5.67388999518e-37,0.0
0.0,1.0,9.69751914538e-29,0.0
0.0,0.999999813951,1.86049295643e-07,0.0
0.0,1.0,3.56027633136e-27,0.0
0.0,1.0,3.07956266351e-26,0.0
0.0,1.0,2.75554872205e-18,0.0
0.0,1.0,4.34908995763e-20,0.0
0.0,1.0,6.879107093e-27,0.0
0.0,1.0,2.08768783093e-31,0.0
0.0,1.0,9.07551543398e-25,0.0
0.0,1.0,3.4423852686e-56,0.0
0.0,0.999216945565,0.000783054435237,0.0
0.0,1.0,5.09202706142e-39,0.0
0.0,1.0,4.70470172004e-50,0.0
0.0,1.0,5.95690134449e-70,0.0
0.0,1.0,1.88063712463e-54,0.0
0.0,1.0,2.29454553143e-28,0.0
0.0,1.0,1.1981046511e-26,0.0
0.0,1.88515765041e-20,1.0,1.0
0.0,1.0,3.18361639367e-24,0.0
0.0,9.33077815808e-22,1.0,1.0
1.0,5.86981784208e-30,1.0,1.0
1.0,0.507943024424,0.492056975576,0.0
0.0,0.999999999989,1.13988139127e-11,0.0
0.0,0.999999999862,1.38340233142e-10,0.0
0.0,0.107381243453,0.892618756547,1.0
1.0,1.68429360183e-79,1.0,1.0
0.0,1.0,9.65771468412e-42,0.0
0.0,1.0,2.75629809176e-38,0.0
1.0,2.4688516877e-98,1.0,1.0
0.0,1.0,8.71087027562e-16,0.0
0.0,1.0,7.61416928411e-69,0.0
0.0,1.0,2.98255885998e-14,0.0
0.0,0.999999999951,4.93966390915e-11,0.0
0.0,0.999999999993,6.98934078512e-12,0.0
0.0,1.0,1.11580426716e-20,0.0
1.0,4.84485964453e-16,1.0,1.0
1.0,2.70444406859e-211,1.0,1.0
0.0,8.5555195499e-08,0.999999914445,1.0
1.0,0.0303622947009,0.969637705299,1.0
1.0,3.93098026333e-39,1.0,1.0
0.0,1.0,3.7883217364e-73,0.0
0.0,1.62488506313e-10,0.999999999838,1.0
0.0,0.999999995842,4.15813887614e-09,0.0
1.0,9.48524877392e-09,0.999999990515,1.0
1.0,1.70281173266e-35,1.0,1.0
0.0,1.0,8.32790607695e-34,0.0
1.0,7.15787991268e-09,0.999999992842,1.0
0.0,1.0,5.2230124453e-39,0.0
0.0,1.0,4.28300083774e-23,0.0
0.0,1.0,3.33675315423e-13,0.0
1.0,0.571056568513,0.428943431487,0.0
0.0,0.25501066859,0.74498933141,1.0
0.0,0.97743194008,0.0225680599203,0.0
0.0,0.958232479597,0.0417675204031,0.0
0.0,1.0,8.30838109292e-18,0.0
0.0,1.39426785534e-06,0.999998605732,1.0
1.0,8.79766738615e-49,1.0,1.0
1.0,0.388435870285,0.611564129715,1.0
0.0,0.99999526986,4.73013988447e-06,0.0
1.0,1.20060864768e-08,0.999999987994,1.0
0.0,1.0,1.42736472623e-18,0.0
0.0,1.0,4.83716239093e-33,0.0
0.0,0.999999991037,8.96317212322e-09,0.0
0.0,0.978050977629,0.0219490223707,0.0
0.0,0.999966190514,3.38094860122e-05,0.0
0.0,1.0,4.00295333032e-49,0.0
0.0,0.999999999956,4.39164375839e-11,0.0
1.0,1.64406575968e-142,1.0,1.0
1.0,0.999999520327,4.79672543635e-07,0.0
0.0,0.999521368603,0.000478631397353,0.0
0.0,1.0,7.264919139e-31,0.0
0.0,1.0,8.24776207109e-24,0.0
1.0,0.999671942503,0.00032805749701,0.0
1.0,0.00565811119728,0.994341888803,1.0
0.0,1.0,5.3083105892e-23,0.0
0.0,8.75455741463e-17,1.0,1.0
0.0,1.0,1.82463188617e-43,0.0
0.0,0.198662232334,0.801337767666,1.0
1.0,0.00128765709796,0.998712342902,1.0
1.0,3.38407379253e-05,0.999966159262,1.0
0.0,0.0245185004571,0.975481499543,1.0
0.0,1.0,2.37384359175e-28,0.0
0.0,0.999984991432,1.50085675501e-05,0.0
1.0,5.394428271e-38,1.0,1.0
1.0,7.23442135982e-05,0.999927655786,1.0
1.0,0.999981125069,1.88749306613e-05,0.0
1.0,7.11660349547e-11,0.999999999929,1.0
0.0,3.9334338054e-15,1.0,1.0
0.0,0.999795077933,0.000204922067241,0.0
1.0,4.55296756068e-11,0.999999999954,1.0
0.0,0.00087077521168,0.999129224788,1.0
0.0,1.0,3.3011694407e-14,0.0
0.0,1.0,8.372904571e-16,0.0
0.0,1.0,2.01875064459e-24,0.0
1.0,4.33505563907e-14,1.0,1.0
1.0,0.00250025703564,0.997499742964,1.0
1.0,3.73638997353e-26,1.0,1.0
0.0,1.0,1.4327827674e-29,0.0
1.0,3.99662815156e-10,0.9999999996,1.0
0.0,0.994635218285,0.0053647817153,0.0
0.0,0.999999998804,1.19582021743e-09,0.0
0.0,0.99924765374,0.000752346259657,0.0
0.0,1.0,2.42386234769e-24,0.0
0.0,0.999999978011,2.19894071e-08,0.0
0.0,0.00253963026514,0.997460369735,1.0
0.0,1.0,1.37600576609e-50,0.0
0.0,1.0,8.97101265915e-14,0.0
0.0,1.0,3.29965512598e-33,0.0
0.0,1.0,9.48994331212e-31,0.0
1.0,7.05190421361e-181,1.0,1.0
0.0,0.99999739605,2.60395007567e-06,0.0
0.0,1.0,6.60237395622e-16,0.0
0.0,1.0,6.86993661909e-46,0.0
1.0,0.0,1.0,1.0
0.0,0.997734685389,0.00226531461137,0.0
1.0,1.43272738923e-06,0.999998567273,1.0
0.0,2.33668660152e-05,0.999976633134,1.0
0.0,0.999999999971,2.89468213998e-11,0.0
0.0,1.0,8.14780107392e-35,0.0
0.0,0.99999422982,5.77018048532e-06,0.0
0.0,0.999999713819,2.86181273784e-07,0.0
0.0,0.999999999999,1.2145740951e-12,0.0
1.0,8.10602313945e-05,0.999918939769,1.0
0.0,0.999999999991,9.08592056256e-12,0.0
0.0,1.0,2.20284662882e-16,0.0
0.0,1.0,5.97326356818e-55,0.0
0.0,0.999999999999,8.05470776825e-13,0.0
0.0,1.0,3.18434911698e-25,0.0
0.0,1.0,3.199942902e-21,0.0
0.0,1.0,1.04504700039e-34,0.0
0.0,1.0,2.4109217916e-29,0.0
0.0,0.829676640452,0.170323359548,0.0
0.0,1.0,3.20274083738e-48,0.0
0.0,1.0,2.93980895212e-13,0.0
0.0,1.0,8.76121374907e-26,0.0
0.0,1.0,2.98777460353e-22,0.0
0.0,1.0,4.50566465008e-27,0.0
0.0,1.64237588666e-08,0.999999983576,1.0
0.0,1.0,1.01696768778e-25,0.0
0.0,1.0,5.55028554053e-15,0.0
0.0,1.0,1.00333442042e-26,0.0
0.0,1.0,1.1786522926e-51,0.0
0.0,1.86157824035e-30,1.0,1.0
0.0,1.0,2.17552021502e-21,0.0
0.0,1.0,5.808690103e-20,0.0
0.0,1.0,1.24998170699e-45,0.0
0.0,1.0,2.16082918351e-60,0.0
0.0,0.99998406876,1.59312397816e-05,0.0
0.0,1.0,9.11934802597e-23,0.0
0.0,1.0,1.46229244916e-47,0.0
0.0,1.0,6.31177424908e-43,0.0
0.0,1.0,2.77135329697e-39,0.0
0.0,1.0,5.7248665494e-14,0.0
0.0,1.0,1.85888884699e-22,0.0
0.0,1.0,1.99042220921e-37,0.0
0.0,1.0,1.05282736889e-31,0.0
0.0,1.0,1.63623486844e-16,0.0
0.0,1.0,2.24209699291e-51,0.0
0.0,1.0,1.08546283073e-31,0.0
0.0,1.0,2.96438599379e-38,0.0
0.0,0.999999999984,1.63378674876e-11,0.0
0.0,1.0,2.01189127483e-35,0.0
0.0,1.0,3.37968073197e-20,0.0
0.0,1.0,3.50500183961e-15,0.0
1.0,3.58801220308e-82,1.0,1.0
0.0,1.0,1.54100429861e-17,0.0
0.0,1.0,4.15219857276e-22,0.0
0.0,1.0,8.44798162518e-25,0.0
0.0,1.0,1.39266781853e-39,0.0
0.0,1.0,2.49042446443e-28,0.0
0.0,1.0,3.50208458576e-21,0.0
0.0,1.0,4.27578261106e-20,0.0
1.0,3.09071088159e-68,1.0,1.0
0.0,1.0,1.20079434681e-18,0.0
1.0,1.0,7.20160289818e-21,0.0
0.0,0.999999992833,7.16699784888e-09,0.0
0.0,0.00066061122862,0.999339388771,1.0
0.0,1.0,1.33227638643e-25,0.0
0.0,1.0,1.47534888109e-24,0.0
0.0,2.65323671822e-54,1.0,1.0
0.0,1.0,1.25576687107e-53,0.0
0.0,1.0,2.95703713081e-28,0.0
0.0,1.0,3.04207727019e-30,0.0
0.0,1.0,7.0309449066e-14,0.0
0.0,1.0,1.69239625137e-45,0.0
0.0,1.0,2.49375052967e-39,0.0
0.0,0.999999989681,1.0318845067e-08,0.0
0.0,1.0,2.04937171979e-30,0.0
1.0,1.0,2.72742839725e-16,0.0
0.0,1.0,9.05230627739e-26,0.0
0.0,1.0,2.4600711319e-21,0.0
0.0,1.0,1.23410182989e-16,0.0
0.0,1.0,1.07081904498e-17,0.0
0.0,1.0,3.02056342755e-25,0.0
0.0,0.0173328832212,0.982667116779,1.0
0.0,1.0,2.08890722679e-19,0.0
0.0,1.0,1.41937701412e-44,0.0
0.0,1.0,2.5783176936e-58,0.0
0.0,1.0,3.91335589712e-33,0.0
0.0,1.0,2.58100765282e-27,0.0
0.0,1.0,2.7245765036e-13,0.0
0.0,1.0,2.1479887382e-31,0.0
0.0,1.0,7.99153462288e-17,0.0
0.0,0.99999999983,1.70029234428e-10,0.0
0.0,1.0,6.41551483004e-16,0.0
0.0,1.0,1.23069776155e-31,0.0
0.0,1.0,1.46931813496e-40,0.0
0.0,0.999999909135,9.08648487024e-08,0.0
0.0,0.999209396674,0.000790603325639,0.0
0.0,1.0,2.88427333075e-34,0.0
0.0,1.0,6.20527833755e-59,0.0
0.0,1.0,2.57170824655e-25,0.0
0.0,1.0,2.59387912216e-28,0.0
0.0,0.999999999853,1.4654565597e-10,0.0
0.0,0.999999994957,5.04322519456e-09,0.0
0.0,0.999999998565,1.43537830658e-09,0.0
0.0,1.0,3.84374833129e-37,0.0
0.0,0.12293899269,0.87706100731,1.0
1.0,0.996831453171,0.00316854682915,0.0
0.0,1.0,2.73533296672e-25,0.0
0.0,0.999999999999,1.3406979598e-12,0.0
0.0,0.00270788717803,0.997292112822,1.0
0.0,0.0300978580417,0.969902141958,1.0
1.0,0.0248382949153,0.975161705085,1.0
0.0,1.0,9.69664319867e-21,0.0
1.0,0.999999996762,3.23789377025e-09,0.0
0.0,1.0,1.57681510351e-17,0.0
0.0,1.0,3.8648005765e-30,0.0
1.0,0.159217181143,0.840782818857,1.0
1.0,5.69032602818e-09,0.99999999431,1.0
1.0,4.0007804367e-13,1.0,1.0
1.0,0.461449328341,0.538550671659,1.0
1.0,0.999568382579,0.000431617421351,0.0
0.0,0.999933651556,6.6348443891e-05,0.0
0.0,0.999999911959,8.80409600024e-08,0.0
0.0,1.0,1.13045356654e-29,0.0
0.0,1.0,5.71512714737e-17,0.0
1.0,1.57649911518e-06,0.999998423501,1.0
0.0,2.8217512275e-20,1.0,1.0
0.0,0.0873710103785,0.912628989622,1.0
0.0,1.0,5.11537041013e-53,0.0
1.0,0.999999999766,2.34112110048e-10,0.0
0.0,0.999990914911,9.0850888166e-06,0.0
0.0,0.999999999992,7.93847255908e-12,0.0
0.0,0.99999999936,6.39872523978e-10,0.0
1.0,1.04359596671e-145,1.0,1.0
0.0,1.46683917857e-05,0.999985331608,1.0
1.0,0.0411967968437,0.958803203156,1.0
0.0,1.0,2.0154714629e-91,0.0
0.0,1.0,1.19947129277e-15,0.0
0.0,1.0,6.24359832877e-65,0.0
1.0,2.98597481992e-17,1.0,1.0
0.0,0.999999999984,1.60920531732e-11,0.0
0.0,0.0909145262686,0.909085473731,1.0
0.0,1.0,1.8103865736e-35,0.0
0.0,7.97612809868e-07,0.999999202387,1.0
1.0,1.18239961188e-132,1.0,1.0
0.0,0.0651359555724,0.934864044428,1.0
0.0,0.999970565394,2.94346056944e-05,0.0
0.0,0.998803999894,0.00119600010615,0.0
0.0,1.0,8.23087271975e-28,0.0
0.0,1.0,1.73085129345e-22,0.0
0.0,1.0,3.72532679211e-24,0.0
1.0,8.62678543497e-07,0.999999137321,1.0
0.0,1.0,1.9952282578e-18,0.0
0.0,1.0,3.40204685447e-28,0.0
0.0,0.999743197619,0.000256802380907,0.0
1.0,0.981842720497,0.0181572795032,0.0
1.0,0.999999222954,7.7704610761e-07,0.0
0.0,1.0,1.22196645522e-19,0.0
1.0,5.84145042523e-64,1.0,1.0
1.0,1.09818425034e-65,1.0,1.0
1.0,0.00359839581504,0.996401604185,1.0
0.0,0.99992782803,7.21719701642e-05,0.0
1.0,0.202267897303,0.797732102697,1.0
1.0,3.2025733836e-05,0.999967974266,1.0
0.0,1.0,6.35451713376e-29,0.0
0.0,1.0,2.81973042794e-29,0.0
0.0,1.0,2.29089934877e-19,0.0
0.0,1.0,5.44560449196e-14,0.0
1.0,8.64891112803e-05,0.999913510889,1.0
0.0,1.0,6.8048286997e-25,0.0
1.0,1.2041780399e-05,0.99998795822,1.0
0.0,1.18689556628e-30,1.0,1.0
0.0,5.77951933112e-15,1.0,1.0
1.0,0.999999998679,1.32117287377e-09,0.0
0.0,1.04818797428e-05,0.99998951812,1.0
0.0,0.999777871951,0.000222128048752,0.0
1.0,2.36379705682e-33,1.0,1.0
0.0,1.0,8.95884131336e-51,0.0
0.0,0.0589645238066,0.941035476193,1.0
0.0,0.99999999984,1.5952117822e-10,0.0
0.0,1.0,2.39014119585e-19,0.0
1.0,0.00855126025503,0.991448739745,1.0
1.0,7.27776827094e-30,1.0,1.0
0.0,0.306023031733,0.693976968267,1.0
0.0,0.999999999947,5.29150342781e-11,0.0
1.0,1.25815291326e-24,1.0,1.0
0.0,1.0,1.46932372779e-21,0.0
0.0,0.99999999992,8.04810553506e-11,0.0
0.0,0.999999996758,3.24202887765e-09,0.0
0.0,0.974414767454,0.025585232546,0.0
0.0,1.0,5.93474805255e-40,0.0
0.0,0.982520897588,0.0174791024117,0.0
0.0,1.0,1.64159981867e-24,0.0
1.0,0.982762222997,0.0172377770025,0.0
0.0,1.0,2.51968141185e-45,0.0
0.0,1.0,2.90993714261e-23,0.0
0.0,1.0,3.02771006995e-19,0.0
1.0,0.999884812208,0.000115187791686,0.0
0.0,1.0,1.50650817549e-33,0.0
0.0,1.85209111204e-112,1.0,1.0
1.0,6.64495355202e-55,1.0,1.0
0.0,1.0,2.63545587874e-50,0.0
0.0,1.0,1.16633812394e-38,0.0
0.0,0.999999978077,2.19230622437e-08,0.0
0.0,1.0,2.94244721657e-77,0.0
0.0,1.0,7.36235970947e-27,0.0
0.0,1.0,8.26183893993e-20,0.0
0.0,1.0,3.48288277418e-16,0.0
0.0,0.573405047821,0.426594952179,0.0
0.0,1.0,8.8066713564e-27,0.0
0.0,1.0,8.49289233784e-29,0.0
0.0,1.0,1.67216187403e-18,0.0
0.0,1.0,4.66071816215e-24,0.0
0.0,4.34964810311e-81,1.0,1.0
0.0,1.0,4.4268549858e-70,0.0
0.0,1.0,1.82010206395e-59,0.0
0.0,1.0,2.30708934992e-22,0.0
0.0,1.0,1.34464033609e-13,0.0
0.0,0.999983910343,1.60896572378e-05,0.0
0.0,1.0,1.3870577493e-16,0.0
0.0,1.0,5.41333412646e-15,0.0
0.0,1.0,6.29761333072e-29,0.0
0.0,1.0,1.60727181546e-27,0.0
0.0,1.0,1.25178936487e-26,0.0
1.0,1.0,2.53296081411e-18,0.0
0.0,0.000612430635467,0.999387569365,1.0
0.0,1.0,1.57154724382e-36,0.0
0.0,1.0,1.76315362573e-14,0.0
0.0,1.0,2.33713549956e-52,0.0
0.0,1.0,1.96521963505e-56,0.0
0.0,1.0,2.71565459795e-36,0.0
0.0,1.0,8.0567610901e-53,0.0
0.0,1.0,1.19031731146e-44,0.0
0.0,1.0,3.61152725298e-38,0.0
0.0,1.0,5.48253436358e-24,0.0
1.0,1.0,1.13990293094e-30,0.0
0.0,1.0,3.57889461808e-15,0.0
0.0,0.999999925724,7.42755172764e-08,0.0
0.0,0.999999999712,2.87944938942e-10,0.0
0.0,5.14958357064e-59,1.0,1.0
0.0,0.999999921426,7.85737981574e-08,0.0
0.0,0.999999998582,1.41817019066e-09,0.0
0.0,0.999821917731,0.000178082268519,0.0
0.0,1.0,5.30485522441e-38,0.0
0.0,1.0,1.55662786087e-57,0.0
0.0,0.99999988868,1.11320301329e-07,0.0
0.0,0.00306716041834,0.996932839582,1.0
0.0,0.999999917983,8.2017481895e-08,0.0
0.0,1.0,2.0173176647e-45,0.0
0.0,1.0,1.25044737522e-32,0.0
0.0,0.999999999989,1.12331372313e-11,0.0
0.0,3.55631844997e-26,1.0,1.0
0.0,1.0,3.8439871804e-19,0.0
0.0,1.0,7.6073753521e-23,0.0
0.0,1.0,1.53016460722e-29,0.0
0.0,1.0,1.99719836145e-25,0.0
0.0,1.0,4.22809880719e-18,0.0
0.0,1.0,3.7912743585e-20,0.0
0.0,0.999903995874,9.60041259648e-05,0.0
0.0,1.0,1.45445419065e-18,0.0
0.0,1.0,3.63815481629e-16,0.0
0.0,1.0,1.17188956302e-27,0.0
0.0,0.999999999999,6.26507083514e-13,0.0
0.0,1.0,1.664085182e-24,0.0
0.0,1.0,2.17530533615e-14,0.0
0.0,1.0,1.20431566507e-54,0.0
0.0,1.0,2.5764391193e-39,0.0
0.0,1.0,1.82880084631e-15,0.0
0.0,1.0,1.42306520652e-30,0.0
0.0,1.0,3.01623834824e-42,0.0
0.0,1.0,3.41614036468e-32,0.0
0.0,1.0,4.65885590021e-15,0.0
0.0,1.0,7.77951967805e-94,0.0
0.0,1.0,1.43901696559e-59,0.0
0.0,1.0,1.61040207076e-89,0.0
0.0,1.0,8.14653852462e-31,0.0
0.0,1.0,1.50577248247e-36,0.0
0.0,1.0,3.89186948899e-32,0.0
0.0,1.0,2.04496889483e-18,0.0
0.0,0.999999370575,6.29425264481e-07,0.0
0.0,0.999999999988,1.15817568447e-11,0.0
0.0,1.0,3.49617203144e-43,0.0
0.0,0.999881385703,0.000118614297252,0.0
0.0,1.0,1.63025273609e-29,0.0
0.0,1.0,4.94653140949e-36,0.0
0.0,1.0,2.32979104692e-64,0.0
0.0,1.27622795701e-169,1.0,1.0
0.0,1.0,2.49051937434e-58,0.0
0.0,1.0,2.94025515545e-14,0.0
0.0,1.0,6.18242639668e-18,0.0
0.0,0.0059416163703,0.99405838363,1.0
0.0,1.0,3.90358590435e-29,0.0
0.0,1.0,4.44672326071e-19,0.0
0.0,0.99999999998,1.97067318062e-11,0.0
1.0,4.28042391543e-121,1.0,1.0
0.0,5.67014802272e-08,0.999999943299,1.0
0.0,0.999999998544,1.45645243264e-09,0.0
0.0,1.0,9.91961281548e-57,0.0
0.0,1.0,1.01913791658e-18,0.0
0.0,1.0,1.61082204517e-14,0.0
0.0,1.0,5.80128677352e-27,0.0
0.0,1.0,1.16915069048e-30,0.0
0.0,1.0,8.23697640169e-17,0.0
0.0,2.42592689873e-55,1.0,1.0
0.0,2.3064135622e-11,0.999999999977,1.0
1.0,0.999999226449,7.73551154432e-07,0.0
0.0,0.0427037269016,0.957296273098,1.0
0.0,1.23495895717e-25,1.0,1.0
1.0,1.9823905429e-42,1.0,1.0
1.0,1.5894845065e-35,1.0,1.0
1.0,0.999999891782,1.08217587556e-07,0.0
1.0,1.63434432309e-17,1.0,1.0
0.0,1.0,1.28877422714e-31,0.0
0.0,1.0,2.14189344178e-24,0.0
0.0,1.0,2.58371403691e-17,0.0
0.0,0.999999134251,8.65749074001e-07,0.0
0.0,0.999972877073,2.71229269954e-05,0.0
0.0,1.0,2.82130200962e-32,0.0
1.0,0.000160493767286,0.999839506233,1.0
0.0,1.0,6.39565350558e-17,0.0
0.0,0.959965782994,0.0400342170061,0.0
1.0,1.55301926162e-08,0.99999998447,1.0
0.0,1.0,1.01502857604e-37,0.0
1.0,4.53656829014e-39,1.0,1.0
0.0,1.0,9.04829401592e-15,0.0
0.0,1.0,2.53469580206e-29,0.0
0.0,1.0,9.44125094099e-52,0.0
0.0,1.0,7.99389569594e-14,0.0
0.0,0.999999999999,5.91228723085e-13,0.0
0.0,1.0,1.95484270436e-14,0.0
0.0,0.0456607379217,0.954339262078,1.0
0.0,1.0,1.72703042803e-51,0.0
0.0,1.0,5.20393756637e-27,0.0
1.0,9.03210753935e-34,1.0,1.0
0.0,1.0,4.96952632639e-29,0.0
0.0,1.0,3.85813691925e-24,0.0
0.0,1.0,5.70712549917e-43,0.0
1.0,3.22636030438e-05,0.999967736397,1.0
0.0,1.0,3.89629759155e-44,0.0
1.0,6.48219811348e-158,1.0,1.0
0.0,2.96260003804e-10,0.999999999704,1.0
1.0,2.1681045736e-12,0.999999999998,1.0
0.0,1.0,1.3427330763e-13,0.0
1.0,0.00103902228692,0.998960977713,1.0
0.0,1.0,2.62963731346e-56,0.0
1.0,0.0,1.0,1.0
0.0,0.15870013114,0.84129986886,1.0
1.0,1.0,2.29741259801e-30,0.0
0.0,6.68922810476e-19,1.0,1.0
1.0,1.0,1.02199101705e-18,0.0
1.0,3.62427148099e-18,1.0,1.0
1.0,5.09488830799e-13,0.999999999999,1.0
1.0,0.99999999801,1.98978311238e-09,0.0
0.0,0.0639487887031,0.936051211297,1.0
1.0,0.0035703923836,0.996429607616,1.0
0.0,1.0,3.57705132828e-20,0.0
0.0,0.837266700488,0.162733299512,0.0
0.0,1.0,8.40349165353e-48,0.0
0.0,0.000127065319203,0.999872934681,1.0
0.0,1.0,1.52355777666e-24,0.0
0.0,0.999818841459,0.000181158541394,0.0
1.0,0.989958354281,0.0100416457192,0.0
1.0,0.999743418045,0.000256581955355,0.0
0.0,1.0,1.02161863481e-24,0.0
0.0,1.0,2.42999491833e-31,0.0
0.0,0.9820543082,0.0179456917999,0.0
1.0,1.4948728428e-08,0.999999985051,1.0
0.0,1.0,9.00814051287e-24,0.0
0.0,9.06249014487e-30,1.0,1.0
1.0,2.30839825624e-31,1.0,1.0
0.0,4.2372987011e-05,0.999957627013,1.0
0.0,1.0,1.12720141868e-20,0.0
1.0,0.967068857808,0.0329311421921,0.0
0.0,3.88563489437e-18,1.0,1.0
0.0,3.77517007581e-07,0.999999622483,1.0
0.0,0.999999547047,4.52952823148e-07,0.0
0.0,1.0,5.32971777695e-54,0.0
0.0,1.0,6.35157777701e-39,0.0
1.0,9.5279016294e-06,0.999990472098,1.0
1.0,0.987795234148,0.0122047658518,0.0
0.0,1.0,2.35832361281e-19,0.0
0.0,1.0,3.30375471209e-35,0.0
0.0,1.0,2.69490417892e-24,0.0
0.0,1.0,5.3290628072e-19,0.0
0.0,1.0,1.21039889212e-66,0.0
1.0,0.00108463789595,0.998915362104,1.0
0.0,0.999211811962,0.000788188037943,0.0
0.0,1.0,1.65419886394e-29,0.0
0.0,8.74586866712e-19,1.0,1.0
0.0,0.999999999999,5.7049518893e-13,0.0
1.0,1.78321114009e-09,0.999999998217,1.0
0.0,1.0,7.60910787877e-17,0.0
1.0,0.99999998706,1.29397437904e-08,0.0
0.0,0.999999999998,1.86905039858e-12,0.0
1.0,5.41915905618e-13,0.999999999999,1.0
1.0,8.85590398632e-18,1.0,1.0
1.0,3.61229273881e-09,0.999999996388,1.0
0.0,1.0,3.22637308219e-24,0.0
0.0,2.26176970694e-06,0.99999773823,1.0
0.0,4.22780117535e-08,0.999999957722,1.0
0.0,1.0,6.00874659178e-37,0.0
0.0,1.0,1.48340552206e-30,0.0
0.0,1.0,1.54291560583e-33,0.0
0.0,1.0,1.39282218844e-56,0.0
0.0,0.999999999492,5.07701346718e-10,0.0
0.0,1.0,7.98556633852e-26,0.0
0.0,1.0,1.18646641652e-23,0.0
0.0,1.0,3.81106330976e-44,0.0
0.0,0.999999999995,4.97542202692e-12,0.0
0.0,0.999999999999,8.9294564745e-13,0.0
0.0,1.0,2.55269079368e-21,0.0
0.0,1.0,2.51861850628e-14,0.0
0.0,1.0,4.09722166261e-31,0.0
0.0,0.999999999999,7.26691871223e-13,0.0
0.0,9.12050559587e-66,1.0,1.0
1.0,0.999980554354,1.94456463107e-05,0.0
0.0,1.0,7.82484235059e-38,0.0
0.0,1.0,6.98046529391e-34,0.0
0.0,1.0,3.34385810981e-25,0.0
0.0,0.0130372912217,0.986962708778,1.0
0.0,1.0,6.79003726485e-34,0.0
0.0,1.0,4.89982478672e-26,0.0
0.0,1.0,1.37516581107e-41,0.0
0.0,1.0,8.13687196217e-30,0.0
0.0,1.0,1.80813811686e-17,0.0
1.0,3.20769261295e-53,1.0,1.0
0.0,0.999795179754,0.000204820245518,0.0
0.0,1.0,4.06271030459e-48,0.0
0.0,1.0,4.14143799765e-34,0.0
0.0,1.0,4.36851506087e-28,0.0
0.0,1.0,1.31215222931e-41,0.0
0.0,1.0,2.55075301328e-17,0.0
0.0,1.0,4.75427280197e-38,0.0
0.0,3.84902153595e-05,0.999961509785,1.0
0.0,1.0,3.18360416777e-13,0.0
0.0,1.0,1.11455115978e-52,0.0
0.0,0.99960807118,0.000391928819622,0.0
1.0,1.70636761286e-17,1.0,1.0
0.0,1.0,7.59031048589e-39,0.0
0.0,1.0,2.19056741187e-20,0.0
0.0,1.0,1.3426919584e-42,0.0
0.0,1.0,2.05570317933e-26,0.0
0.0,1.0,6.77474952212e-15,0.0
1.0,1.57886422184e-106,1.0,1.0
0.0,1.0,8.12808523975e-47,0.0
0.0,1.0,6.22143344954e-22,0.0
0.0,4.54141795808e-08,0.999999954586,1.0
0.0,1.0,6.15633001686e-35,0.0
0.0,1.0,3.85760444267e-14,0.0
0.0,1.0,5.7351787573e-30,0.0
0.0,0.999999963389,3.66108039854e-08,0.0
0.0,1.0,8.26970927793e-25,0.0
0.0,1.0,5.28421833552e-19,0.0
0.0,1.0,1.98126493819e-30,0.0
0.0,1.0,5.2884190755e-27,0.0
0.0,1.0,2.5166372367e-39,0.0
0.0,1.0,1.31637217677e-55,0.0
0.0,1.0,1.45526791754e-43,0.0
0.0,1.0,7.14576243005e-46,0.0
0.0,1.0,4.58207746004e-20,0.0
0.0,1.0,7.1984566672e-55,0.0
0.0,1.74938110609e-33,1.0,1.0
1.0,1.97089152136e-38,1.0,1.0
0.0,1.0,1.98166447512e-27,0.0
0.0,1.0,6.94124201267e-15,0.0
0.0,1.0,1.48406791971e-65,0.0
0.0,1.0,1.12024311057e-39,0.0
0.0,1.0,1.9285782351e-36,0.0
0.0,1.0,4.72668515468e-16,0.0
0.0,0.931799097324,0.0682009026764,0.0
0.0,1.0,4.3114527446e-13,0.0
0.0,1.0,1.09168427349e-27,0.0
0.0,1.0,1.02926359475e-26,0.0
1.0,0.999999999999,1.16840498423e-12,0.0
0.0,1.0,5.14544947651e-17,0.0
0.0,1.0,1.85914452319e-40,0.0
0.0,1.0,3.60707382516e-14,0.0
0.0,1.0,1.60603882365e-28,0.0
0.0,0.999999999942,5.7939688437e-11,0.0
0.0,1.0,4.09837106858e-18,0.0
0.0,1.0,6.08830284135e-25,0.0
0.0,2.87160379083e-11,0.999999999971,1.0
0.0,1.0,3.39380028568e-24,0.0
0.0,1.0,3.95523614251e-25,0.0
0.0,1.0,2.76187221181e-32,0.0
0.0,1.0,1.8171679252e-27,0.0
0.0,1.0,8.96625894953e-26,0.0
0.0,1.0,1.20015017109e-28,0.0
0.0,3.20720897097e-58,1.0,1.0
0.0,1.0,2.96691987534e-19,0.0
0.0,1.0,4.23151873618e-24,0.0
0.0,1.0,3.02422700295e-59,0.0
0.0,1.0,8.58451962348e-18,0.0
0.0,1.0,9.92778475269e-42,0.0
0.0,1.0,1.58634775012e-33,0.0
0.0,8.180333128e-112,1.0,1.0
0.0,1.0,4.91627467972e-48,0.0
0.0,1.0,3.00331802132e-17,0.0
0.0,1.0,4.0085432882e-45,0.0
0.0,1.0,5.57823635687e-15,0.0
0.0,0.999999999999,1.04411772286e-12,0.0
0.0,1.0,4.04593918568e-18,0.0
0.0,1.0,1.11519531676e-45,0.0
0.0,1.0,4.66792420508e-25,0.0
1.0,0.000624950067853,0.999375049932,1.0
0.0,1.0,1.05923588197e-18,0.0
1.0,1.59687471182e-26,1.0,1.0
1.0,0.000380019020919,0.999619980979,1.0
1.0,0.966793187704,0.0332068122955,0.0
1.0,5.91478891313e-10,0.999999999409,1.0
1.0,3.89937166688e-10,0.99999999961,1.0
0.0,0.999999999308,6.91983420617e-10,0.0
0.0,1.0,3.3509339348e-47,0.0
0.0,0.999999996968,3.03199185842e-09,0.0
0.0,0.145198636988,0.854801363012,1.0
1.0,0.999994159955,5.84004528245e-06,0.0
0.0,1.0,5.15800569067e-44,0.0
0.0,6.85597524449e-20,1.0,1.0
1.0,1.69071372712e-25,1.0,1.0
1.0,1.3572892745e-12,0.999999999999,1.0
0.0,1.0,7.52427547948e-28,0.0
0.0,1.0,2.23985981965e-25,0.0
1.0,2.96752184164e-18,1.0,1.0
0.0,0.985911046545,0.0140889534552,0.0
0.0,1.0,6.92578151824e-15,0.0
0.0,5.62713753842e-10,0.999999999437,1.0
0.0,0.999999999992,8.32615575667e-12,0.0
0.0,1.0,3.39076809941e-35,0.0
1.0,2.48296883243e-12,0.999999999998,1.0
0.0,0.195735402294,0.804264597706,1.0
1.0,1.0,1.82472806535e-14,0.0
1.0,5.29879667754e-12,0.999999999995,1.0
0.0,0.999999999997,2.74983193253e-12,0.0
1.0,8.41070660296e-05,0.999915892934,1.0
0.0,0.999999999667,3.32606078653e-10,0.0
1.0,0.999996753397,3.24660276793e-06,0.0
0.0,0.000697591879102,0.999302408121,1.0
0.0,0.722224913543,0.277775086457,0.0
0.0,1.0,2.54257303065e-17,0.0
1.0,8.87849414449e-06,0.999991121506,1.0
0.0,1.1450573413e-07,0.999999885494,1.0
0.0,1.0,1.19923056216e-29,0.0
1.0,3.33640169987e-33,1.0,1.0
1.0,1.43150488228e-05,0.999985684951,1.0
0.0,0.992893348484,0.00710665151634,0.0
0.0,0.999999948443,5.15568465692e-08,0.0
1.0,6.46136109374e-44,1.0,1.0
1.0,7.77450925509e-12,0.999999999992,1.0
1.0,0.205684144532,0.794315855468,1.0
0.0,1.31761868683e-09,0.999999998682,1.0
0.0,0.999941433802,5.85661980783e-05,0.0
1.0,6.88201486886e-09,0.999999993118,1.0
0.0,1.0,3.07931093888e-51,0.0
1.0,6.7361812144e-25,1.0,1.0
0.0,1.0,4.9022644097e-21,0.0
0.0,0.99999999393,6.06969330372e-09,0.0
0.0,5.9607341679e-24,1.0,1.0
0.0,0.999999999989,1.05485251635e-11,0.0
0.0,0.999985622747,1.4377252642e-05,0.0
0.0,1.0,5.09567864065e-49,0.0
0.0,0.999998278813,1.72118733332e-06,0.0
1.0,2.15154364672e-80,1.0,1.0
1.0,0.240959656264,0.759040343736,1.0
0.0,4.39060502331e-11,0.999999999956,1.0
1.0,5.92250712718e-53,1.0,1.0
0.0,1.0,2.20686010685e-30,0.0
0.0,0.999997357399,2.64260052039e-06,0.0
0.0,0.00687461991178,0.993125380088,1.0
1.0,8.06652686394e-05,0.999919334731,1.0
0.0,1.0,1.30841824248e-15,0.0
0.0,1.0,5.29404257843e-15,0.0
0.0,0.999999691527,3.08472592486e-07,0.0
0.0,0.999999999739,2.60972222889e-10,0.0
0.0,0.867804486745,0.132195513255,0.0
0.0,0.999999298646,7.0135360756e-07,0.0
1.0,2.37598254844e-06,0.999997624017,1.0
0.0,0.999999684684,3.15316056042e-07,0.0
0.0,1.0,2.56328602441e-24,0.0
0.0,1.0,6.91632256126e-26,0.0
0.0,1.0,1.24463004166e-46,0.0
0.0,1.97645260879e-19,1.0,1.0
0.0,0.9877898537,0.0122101462998,0.0
1.0,2.21215133557e-06,0.999997787849,1.0
1.0,0.999999975569,2.44310377076e-08,0.0
0.0,1.0,5.98373281472e-22,0.0
1.0,1.46288045296e-42,1.0,1.0
1.0,0.394022916584,0.605977083416,1.0
0.0,4.10337400482e-08,0.999999958966,1.0
0.0,0.999999994367,5.63288047267e-09,0.0
0.0,0.999999999884,1.15659613579e-10,0.0
1.0,5.94330301686e-50,1.0,1.0
0.0,0.999999999924,7.60411575526e-11,0.0
0.0,1.0,1.76709657699e-22,0.0
0.0,1.44753952365e-07,0.999999855246,1.0
1.0,0.999999972256,2.77436615241e-08,0.0
0.0,1.0,5.62539704218e-14,0.0
1.0,0.999999751449,2.48551477909e-07,0.0
0.0,0.999999995258,4.74206235558e-09,0.0
0.0,0.996483841813,0.00351615818708,0.0
0.0,0.00318600558575,0.996813994414,1.0
0.0,0.999898673242,0.000101326758062,0.0
0.0,9.5749807143e-10,0.999999999043,1.0
1.0,0.00023037574792,0.999769624252,1.0
1.0,1.0,4.89728767501e-37,0.0
0.0,1.0,2.6273315243e-30,0.0
0.0,0.999986989001,1.30109985212e-05,0.0
0.0,1.0,1.19943683101e-50,0.0
0.0,1.0,6.76532841876e-39,0.0
0.0,1.0,2.08626021229e-23,0.0
0.0,1.0,3.59134909395e-31,0.0
0.0,1.0,7.07282223641e-61,0.0
0.0,1.0,5.18778069848e-41,0.0
0.0,0.950894199336,0.0491058006642,0.0
0.0,2.95983289985e-11,0.99999999997,1.0
0.0,0.999907641778,9.23582222286e-05,0.0
0.0,1.0,8.11024265092e-16,0.0
0.0,1.0,2.07120151651e-32,0.0
0.0,1.0,4.27796057139e-35,0.0
0.0,1.0,2.70299441533e-54,0.0
0.0,1.0,5.32521533842e-46,0.0
0.0,0.999999999999,1.01424975225e-12,0.0
0.0,1.0,3.66272755242e-17,0.0
0.0,0.993826557725,0.00617344227492,0.0
0.0,0.999999999349,6.51449114817e-10,0.0
0.0,1.0,3.45194160415e-40,0.0
0.0,0.00886240042574,0.991137599574,1.0
0.0,1.0,2.52027433393e-28,0.0
0.0,1.0,1.88651896143e-18,0.0
0.0,1.0,5.12421500176e-23,0.0
0.0,0.999999999765,2.34779158125e-10,0.0
0.0,2.55584299288e-15,1.0,1.0
0.0,1.0,8.31189918024e-26,0.0
0.0,0.999999999967,3.30196274361e-11,0.0
0.0,1.0,6.36411348442e-20,0.0
0.0,1.0,5.28823544912e-35,0.0
0.0,1.0,3.87849288656e-17,0.0
0.0,1.34716226628e-13,1.0,1.0
0.0,1.0,8.99941162187e-48,0.0
0.0,1.0,4.31783490154e-26,0.0
0.0,0.999988954927,1.10450725812e-05,0.0
0.0,1.0,4.21855187816e-17,0.0
0.0,1.0,1.8410561768e-78,0.0
0.0,1.0,3.37531672898e-19,0.0
0.0,6.56023211169e-53,1.0,1.0
0.0,1.0,4.34278089297e-39,0.0
0.0,1.0,4.38456343003e-32,0.0
0.0,0.999999999894,1.06200570331e-10,0.0
0.0,1.0,4.03781749254e-33,0.0
0.0,1.0,9.03436331554e-36,0.0
0.0,1.0,6.98223429366e-18,0.0
0.0,0.999999999994,5.75415080799e-12,0.0
0.0,1.0,1.79910902779e-35,0.0
0.0,0.999894147351,0.00010585264886,0.0
0.0,1.0,4.58218444071e-34,0.0
0.0,1.0,2.54201363102e-48,0.0
0.0,2.66550139576e-45,1.0,1.0
0.0,7.00596766085e-28,1.0,1.0
0.0,1.0,7.96559323189e-42,0.0
0.0,2.37270885507e-25,1.0,1.0
0.0,0.99999999972,2.79645844635e-10,0.0
0.0,1.0,1.04344444866e-22,0.0
0.0,1.2579016506e-31,1.0,1.0
0.0,1.0,1.41407353083e-38,0.0
0.0,1.0,5.84598323726e-34,0.0
0.0,1.33716797246e-74,1.0,1.0
0.0,1.0,6.01589563548e-35,0.0
0.0,1.0,1.40855190607e-19,0.0
0.0,1.0,2.00490985949e-29,0.0
0.0,1.0,1.52279861263e-31,0.0
0.0,0.0624506417801,0.93754935822,1.0
0.0,1.0,1.93138149711e-38,0.0
0.0,1.0,9.55138880585e-29,0.0
0.0,1.0,4.74582018915e-27,0.0
0.0,0.999999999746,2.53606970399e-10,0.0
0.0,0.999999717992,2.82008295582e-07,0.0
1.0,6.90909979694e-22,1.0,1.0
0.0,1.0,2.2950139886e-49,0.0
0.0,1.0,1.41128868891e-16,0.0
0.0,1.0,4.85457105727e-33,0.0
0.0,0.987932752846,0.0120672471541,0.0
0.0,1.0,6.55580320145e-19,0.0
0.0,1.0,3.79671428098e-33,0.0
0.0,1.0,7.7513312633e-34,0.0
0.0,1.0,2.38457159817e-16,0.0
0.0,1.0,2.83767890351e-42,0.0
0.0,1.0,2.12976498706e-22,0.0
0.0,0.999999997929,2.07104510152e-09,0.0
0.0,1.0,5.35134058307e-14,0.0
0.0,0.999948274905,5.17250951856e-05,0.0
0.0,1.0,1.33875915792e-17,0.0
0.0,1.0,2.41010197695e-40,0.0
0.0,1.46435716414e-06,0.999998535643,1.0
0.0,1.0,1.78417891358e-33,0.0
0.0,1.0,7.99059689437e-24,0.0
0.0,1.0,2.75942301838e-30,0.0
0.0,1.0,2.0452491944e-13,0.0
0.0,1.0,2.73099991219e-14,0.0
0.0,1.0,1.59827699656e-42,0.0
0.0,1.0,8.5358443353e-32,0.0
0.0,1.0,3.27340344004e-33,0.0
0.0,0.999999995303,4.69725429952e-09,0.0
0.0,1.0,3.11077956403e-24,0.0
1.0,0.000935656679424,0.999064343321,1.0
1.0,0.963451135663,0.0365488643371,0.0
1.0,0.656149192477,0.343850807523,0.0
0.0,0.999999331909,6.6809139068e-07,0.0
0.0,1.0,4.32710849596e-15,0.0
0.0,8.36052775417e-239,1.0,1.0
0.0,0.999999999999,1.18487301438e-12,0.0
0.0,0.999999999946,5.35578727899e-11,0.0
0.0,1.0,4.68674681968e-37,0.0
1.0,2.66572582712e-283,1.0,1.0
0.0,1.0,1.63537302694e-17,0.0
0.0,0.00942597022895,0.990574029771,1.0
1.0,1.26899023538e-16,1.0,1.0
1.0,0.000120068784152,0.999879931216,1.0
0.0,1.0,1.62045669252e-18,0.0
0.0,1.0,3.95260311531e-70,0.0
1.0,0.00872068325736,0.991279316743,1.0
0.0,0.812437411104,0.187562588896,0.0
0.0,1.0,6.15747117274e-37,0.0
0.0,0.999998076337,1.92366252038e-06,0.0
1.0,0.91575206309,0.0842479369097,0.0
0.0,6.37492750154e-20,1.0,1.0
0.0,0.997548643027,0.00245135697261,0.0
0.0,3.01936777495e-100,1.0,1.0
1.0,0.0,1.0,1.0
0.0,0.0496513310535,0.950348668947,1.0
0.0,0.999999962847,3.71527620851e-08,0.0
0.0,1.0,2.97718261296e-17,0.0
1.0,0.220125581697,0.779874418303,1.0
1.0,3.20663743013e-07,0.999999679336,1.0
0.0,1.0,1.14313821895e-23,0.0
0.0,0.999998497659,1.50234076312e-06,0.0
0.0,0.0816740950417,0.918325904958,1.0
0.0,1.0,3.26366252522e-26,0.0
0.0,1.0,4.15992600906e-31,0.0
0.0,0.300355237925,0.699644762075,1.0
0.0,0.99999999992,7.97123287414e-11,0.0
0.0,0.996066490602,0.00393350939772,0.0
0.0,1.0,2.94056232793e-21,0.0
0.0,1.0,2.06266647291e-40,0.0
0.0,1.0,9.01379423818e-21,0.0
0.0,0.999999999907,9.30651555541e-11,0.0
0.0,1.0,4.63889599408e-73,0.0
0.0,1.0,4.80155329359e-27,0.0
0.0,0.993254119319,0.00674588068074,0.0
0.0,1.0,5.25742582244e-41,0.0
0.0,1.0,8.32155908134e-67,0.0
0.0,1.0,1.31850734048e-16,0.0
0.0,5.03047859902e-42,1.0,1.0
1.0,0.0,1.0,1.0
0.0,0.999999717351,2.82649407584e-07,0.0
1.0,1.25394676131e-34,1.0,1.0
0.0,1.28220423138e-15,1.0,1.0
1.0,0.296776301963,0.703223698037,1.0
1.0,0.999999998105,1.89539081886e-09,0.0
1.0,0.00214920377168,0.997850796228,1.0
0.0,0.999802750403,0.000197249597318,0.0
1.0,4.65098950329e-24,1.0,1.0
0.0,0.999739920296,0.00026007970409,0.0
1.0,8.84021392735e-11,0.999999999912,1.0
0.0,1.0,7.79275415959e-35,0.0
1.0,0.445613099247,0.554386900753,1.0
0.0,1.0,4.626686031e-15,0.0
0.0,1.0,1.37632714865e-35,0.0
0.0,1.0,9.67193451097e-31,0.0
0.0,0.999999999999,5.23860392519e-13,0.0
0.0,1.0,1.53622360983e-19,0.0
0.0,0.999993819001,6.18099873498e-06,0.0
1.0,1.58837513459e-06,0.999998411625,1.0
1.0,1.07441828725e-39,1.0,1.0
1.0,1.74617539698e-174,1.0,1.0
0.0,0.34170103059,0.65829896941,1.0
0.0,0.999999268584,7.31415937356e-07,0.0
1.0,0.959961805583,0.0400381944173,0.0
1.0,1.0,3.71721632151e-18,0.0
0.0,1.0,3.93126505981e-17,0.0
1.0,9.39789005558e-23,1.0,1.0
1.0,2.24960723496e-16,1.0,1.0
0.0,0.999999987125,1.28754603209e-08,0.0
0.0,0.999999512759,4.87241317089e-07,0.0
1.0,3.55085826292e-85,1.0,1.0
1.0,0.0,1.0,1.0
0.0,0.999661976782,0.000338023217857,0.0
1.0,0.999999215406,7.84593916485e-07,0.0
0.0,0.999999999611,3.8943395087e-10,0.0
0.0,1.0,4.1525133048e-14,0.0
0.0,1.0,1.5414841276e-13,0.0
1.0,0.256290320093,0.743709679907,1.0
0.0,1.0,2.28755371524e-21,0.0
0.0,0.379091205109,0.620908794891,1.0
0.0,1.0,7.97584330911e-52,0.0
1.0,0.819025294734,0.180974705266,0.0
1.0,1.0,1.59660053773e-27,0.0
0.0,1.0,5.10056811121e-22,0.0
0.0,1.0,3.89025379893e-39,0.0
0.0,1.0,3.08694731113e-24,0.0
0.0,1.0,5.59201016121e-17,0.0
0.0,0.998204619183,0.00179538081747,0.0
1.0,0.99999999993,6.95016868707e-11,0.0
0.0,1.0,6.98873723568e-28,0.0
0.0,0.999999996876,3.12415312823e-09,0.0
0.0,0.999999999949,5.06736702996e-11,0.0
0.0,1.0,2.41292337526e-42,0.0
1.0,1.87541444388e-07,0.999999812459,1.0
1.0,0.861568750845,0.138431249155,0.0
1.0,0.999190251749,0.00080974825059,0.0
0.0,0.18634449255,0.81365550745,1.0
1.0,1.05869567753e-222,1.0,1.0
1.0,5.84677710697e-09,0.999999994153,1.0
1.0,1.60351252025e-15,1.0,1.0
1.0,0.00106134956739,0.998938650433,1.0
0.0,0.999999996972,3.02775456918e-09,0.0
1.0,0.999999998596,1.40401382469e-09,0.0
0.0,1.0,8.69339467943e-23,0.0
0.0,1.66873343975e-50,1.0,1.0
0.0,1.0,1.71923269097e-30,0.0
0.0,1.0,5.47974179747e-34,0.0
0.0,1.0,3.84101744462e-16,0.0
0.0,1.0,6.16367722732e-31,0.0
0.0,0.999999313002,6.86998488061e-07,0.0
0.0,1.0,1.21081925597e-13,0.0
0.0,5.9491402356e-24,1.0,1.0
1.0,5.33513042526e-83,1.0,1.0
0.0,1.0,6.47249693294e-29,0.0
0.0,1.0,1.91076949358e-30,0.0
0.0,1.0,9.58998738685e-41,0.0
0.0,1.0,9.54646141514e-16,0.0
0.0,1.0,1.44838955088e-30,0.0
1.0,6.12966305732e-115,1.0,1.0
0.0,0.999981213365,1.87866354069e-05,0.0
0.0,1.0,4.54658666386e-58,0.0
0.0,1.0,1.30294782509e-19,0.0
0.0,0.999999996139,3.86055500745e-09,0.0
0.0,1.0,8.81681850547e-49,0.0
0.0,1.17919689273e-18,1.0,1.0
0.0,0.999999999965,3.52507387565e-11,0.0
0.0,1.0,3.39824335564e-25,0.0
0.0,1.0,7.30269282047e-26,0.0
0.0,8.13125778762e-17,1.0,1.0
0.0,0.999999948246,5.17540615031e-08,0.0
0.0,1.0,1.05762604282e-19,0.0
0.0,1.0,5.57223974348e-20,0.0
0.0,1.0,1.38811245108e-20,0.0
1.0,1.71789239714e-104,1.0,1.0
0.0,0.999998381463,1.6185366594e-06,0.0
0.0,1.0,1.97369454321e-23,0.0
0.0,1.0,1.44275053368e-16,0.0
0.0,1.0,6.43893923866e-21,0.0
0.0,1.0,6.5982400752e-17,0.0
0.0,1.0,6.65635052711e-27,0.0
0.0,1.49126350103e-38,1.0,1.0
0.0,1.0,2.18186430584e-32,0.0
0.0,1.0,2.62221027975e-23,0.0
0.0,1.0,1.75653701983e-20,0.0
0.0,1.0,1.47298254692e-19,0.0
0.0,1.0,4.19967802381e-16,0.0
0.0,0.999999993496,6.50409082101e-09,0.0
0.0,3.0627522139e-14,1.0,1.0
0.0,0.999998129797,1.8702033388e-06,0.0
0.0,1.0,1.17789709304e-27,0.0
0.0,1.0,4.95426764317e-21,0.0
0.0,1.0,1.50202201793e-32,0.0
0.0,1.0,2.31142929452e-20,0.0
1.0,0.000136559824974,0.999863440175,1.0
1.0,1.47121332408e-18,1.0,1.0
0.0,1.20289196827e-28,1.0,1.0
0.0,1.0,1.64306101945e-27,0.0
0.0,1.0,1.66705373346e-13,0.0
0.0,1.0,9.54318699009e-47,0.0
0.0,2.16567320421e-28,1.0,1.0
0.0,1.0,3.04606686863e-13,0.0
0.0,1.0,2.09616608572e-36,0.0
0.0,1.0,3.28861140865e-32,0.0
0.0,1.0,4.2448891387e-39,0.0
0.0,1.0,2.90909446729e-21,0.0
1.0,1.25596468242e-54,1.0,1.0
0.0,1.0,8.84372417353e-29,0.0
0.0,1.0,8.92582313014e-26,0.0
0.0,1.0,9.64657201427e-23,0.0
0.0,1.0,5.24176588578e-14,0.0
0.0,2.92027834309e-36,1.0,1.0
0.0,1.0,9.35710523225e-23,0.0
0.0,1.0,8.76199703657e-27,0.0
0.0,1.0,3.19565934097e-14,0.0
0.0,1.50021105306e-92,1.0,1.0
0.0,1.0,6.19056147579e-35,0.0
0.0,1.0,4.2894576885e-31,0.0
0.0,1.0,1.28982615541e-19,0.0
0.0,5.61861765259e-58,1.0,1.0
1.0,0.000630952031432,0.999369047969,1.0
0.0,1.0,3.52961418774e-34,0.0
0.0,2.51578168864e-40,1.0,1.0
0.0,1.0,3.13568647425e-18,0.0
0.0,0.9999999998,2.0003331901e-10,0.0
0.0,1.0,2.18247008313e-22,0.0
0.0,1.0,1.35385070067e-18,0.0
0.0,1.0,3.42128332829e-29,0.0
0.0,1.0,2.39152437671e-17,0.0
0.0,1.0,4.53001347261e-23,0.0
0.0,1.0,8.96112113178e-43,0.0
1.0,0.999916234742,8.37652583381e-05,0.0
1.0,0.952614535459,0.0473854645414,0.0
1.0,2.37330118421e-31,1.0,1.0
1.0,0.999995824689,4.17531079668e-06,0.0
0.0,0.99999991877,8.12298153317e-08,0.0
0.0,1.0,2.34092946272e-29,0.0
1.0,7.60277984981e-15,1.0,1.0
0.0,1.0,3.04028182184e-31,0.0
0.0,0.999999999992,8.12190982548e-12,0.0
0.0,1.0,7.31821393804e-15,0.0
1.0,0.996410173075,0.00358982692525,0.0
1.0,6.70775759739e-10,0.999999999329,1.0
1.0,0.999734238983,0.000265761017489,0.0
1.0,5.27212324448e-220,1.0,1.0
1.0,5.2469068574e-32,1.0,1.0
0.0,5.6361117461e-05,0.999943638883,1.0
1.0,6.09114220586e-13,0.999999999999,1.0
0.0,0.99999999151,8.49035112421e-09,0.0
0.0,1.05293585597e-37,1.0,1.0
0.0,1.0,2.47053795443e-20,0.0
1.0,7.50610992432e-34,1.0,1.0
0.0,1.0,5.5444795446e-17,0.0
0.0,0.999999960914,3.90863887925e-08,0.0
0.0,1.0,3.54493117708e-22,0.0
0.0,1.0,5.63661775646e-31,0.0
0.0,0.999999999832,1.68470092022e-10,0.0
0.0,1.0,7.54675524454e-53,0.0
0.0,1.0,9.50418766258e-43,0.0
0.0,1.0,9.57551926308e-27,0.0
1.0,6.86447469064e-256,1.0,1.0
1.0,0.00653787866733,0.993462121333,1.0
1.0,0.0,1.0,1.0
0.0,1.0,4.57833930032e-24,0.0
0.0,0.999999995718,4.28237455653e-09,0.0
0.0,0.999696905856,0.000303094144146,0.0
0.0,1.0,1.64658357437e-38,0.0
0.0,1.0,2.00717199734e-35,0.0
1.0,1.31991759179e-10,0.999999999868,1.0
0.0,0.999994666099,5.33390050513e-06,0.0
1.0,7.45861362574e-63,1.0,1.0
0.0,1.0,2.07645488925e-65,0.0
0.0,0.999995088458,4.91154184444e-06,0.0
0.0,0.999999902327,9.76729157739e-08,0.0
0.0,1.0,3.32946596935e-20,0.0
1.0,0.999999623651,3.76348743365e-07,0.0
0.0,1.0,3.59235506199e-43,0.0
1.0,2.18537131802e-313,1.0,1.0
1.0,1.6069717225e-98,1.0,1.0
1.0,2.69115230212e-05,0.999973088477,1.0
0.0,1.0,5.16673706297e-14,0.0
0.0,1.0,4.27914700662e-77,0.0
1.0,1.06149076036e-08,0.999999989385,1.0
0.0,1.0,9.142175428e-14,0.0
1.0,2.23711246861e-25,1.0,1.0
0.0,0.999968866516,3.11334835143e-05,0.0
1.0,2.38291256199e-138,1.0,1.0
0.0,0.999999999957,4.30711179427e-11,0.0
0.0,0.999999998132,1.86792774903e-09,0.0
1.0,0.999700295796,0.000299704204379,0.0
0.0,0.999999999996,3.65718268323e-12,0.0
0.0,1.0,9.83964012338e-28,0.0
1.0,7.04796002596e-13,0.999999999999,1.0
0.0,1.54137833209e-09,0.999999998459,1.0
0.0,0.0619892817401,0.93801071826,1.0
0.0,1.0,1.58152502396e-50,0.0
0.0,1.0,1.79244534645e-16,0.0
0.0,0.999999999928,7.24348245363e-11,0.0
0.0,1.0,1.1903926518e-29,0.0
0.0,0.976457924367,0.023542075633,0.0
0.0,0.999999974693,2.53066715379e-08,0.0
0.0,1.0,1.41743584255e-42,0.0
1.0,0.00212865980297,0.997871340197,1.0
1.0,0.999988237389,1.17626111241e-05,0.0
0.0,1.0,9.76849572516e-15,0.0
0.0,0.728243234867,0.271756765133,0.0
0.0,0.000320821165166,0.999679178835,1.0
0.0,1.0,1.19044212724e-13,0.0
0.0,0.999999994372,5.62761137525e-09,0.0
0.0,0.00162694655326,0.998373053447,1.0
0.0,0.999999999996,4.16252569146e-12,0.0
0.0,1.0,3.24143947631e-41,0.0
1.0,0.996638380663,0.00336161933658,0.0
0.0,0.999999999999,6.15735163755e-13,0.0
0.0,0.999879834817,0.000120165183348,0.0
1.0,0.000544897655888,0.999455102344,1.0
0.0,1.0,1.12396633923e-19,0.0
0.0,1.0,1.077510933e-35,0.0
1.0,0.67126021494,0.32873978506,0.0
0.0,0.222229082952,0.777770917048,1.0
0.0,1.0,3.20996014544e-45,0.0
1.0,3.45058262891e-10,0.999999999655,1.0
1.0,0.999981603534,1.83964661901e-05,0.0
0.0,1.0,5.83640982961e-14,0.0
1.0,0.999999997085,2.91544137183e-09,0.0
1.0,1.0,1.04233456385e-14,0.0
1.0,0.000194442172955,0.999805557827,1.0
0.0,1.0,9.85764468637e-59,0.0
1.0,1.0,5.84294406988e-22,0.0
0.0,1.0,9.45933598365e-20,0.0
0.0,1.0,6.74411911489e-32,0.0
0.0,1.0,1.24359592503e-78,0.0
0.0,0.00153124173451,0.998468758265,1.0
0.0,3.37796307947e-08,0.99999996622,1.0
0.0,1.0,4.63499703681e-82,0.0
0.0,1.0,7.88764964474e-22,0.0
0.0,1.0,1.79199472338e-27,0.0
0.0,1.0,5.11387006414e-28,0.0
0.0,1.0,3.63331950576e-36,0.0
0.0,1.0,1.16939048619e-39,0.0
0.0,1.0,3.68434928298e-40,0.0
0.0,1.0,3.09475359285e-85,0.0
0.0,1.0,4.50373655712e-45,0.0
0.0,1.0,9.65007350529e-14,0.0
0.0,1.0,9.81125470191e-20,0.0
1.0,2.91348815672e-24,1.0,1.0
0.0,1.0,6.17275615983e-20,0.0
0.0,1.0,3.53470063224e-18,0.0
1.0,0.999994742133,5.2578666826e-06,0.0
0.0,1.0,7.31333360462e-28,0.0
0.0,1.0,2.95113137505e-24,0.0
0.0,0.999999999928,7.21962282848e-11,0.0
0.0,1.0,1.25657223763e-51,0.0
0.0,0.999999142539,8.57461057445e-07,0.0
0.0,1.84701955959e-45,1.0,1.0
1.0,1.0,1.22005006376e-79,0.0
1.0,1.38614756505e-13,1.0,1.0
0.0,1.0,3.23223739464e-33,0.0
0.0,1.0,3.18260127623e-26,0.0
0.0,1.0,1.08856260924e-18,0.0
0.0,1.0,1.89182913956e-35,0.0
0.0,1.0,3.03890851559e-34,0.0
0.0,1.0,1.51825369941e-22,0.0
0.0,1.0,2.5468536149e-102,0.0
0.0,4.65549679913e-08,0.999999953445,1.0
0.0,0.999999999997,2.81809869114e-12,0.0
0.0,1.0,4.81523292688e-24,0.0
0.0,0.999999999996,4.16680057399e-12,0.0
0.0,1.0,1.58320802572e-44,0.0
0.0,1.0,4.33682278501e-38,0.0
0.0,5.21869669796e-05,0.999947813033,1.0
0.0,1.0,1.66407460217e-47,0.0
0.0,1.0,2.00793262113e-37,0.0
0.0,1.0,2.33995663139e-28,0.0
1.0,0.0,1.0,1.0
0.0,1.0,5.93864962959e-16,0.0
0.0,1.0,1.48517976226e-52,0.0
0.0,0.999999988487,1.15126028712e-08,0.0
0.0,1.0,6.72520405726e-19,0.0
0.0,1.0,1.7231400527e-33,0.0
0.0,1.0,8.50624889019e-48,0.0
0.0,1.0,1.05697985698e-17,0.0
0.0,1.0,4.65416386956e-26,0.0
0.0,1.0,2.18903854311e-30,0.0
0.0,0.999999993918,6.08175134146e-09,0.0
0.0,3.7665827777e-05,0.999962334172,1.0
0.0,1.0,1.83901390769e-28,0.0
0.0,1.0,1.71707272796e-38,0.0
0.0,0.99992510201,7.48979899821e-05,0.0
0.0,1.0,8.35263929702e-40,0.0
0.0,1.0,4.08709477994e-26,0.0
0.0,0.616847910396,0.383152089604,0.0
0.0,1.0,1.41478633887e-35,0.0
0.0,1.0,4.03580418134e-51,0.0
0.0,0.999999999987,1.33943909762e-11,0.0
0.0,1.0,9.77985598014e-40,0.0
1.0,8.51993574206e-48,1.0,1.0
0.0,1.0,8.22825698028e-30,0.0
0.0,1.0,1.72347662761e-30,0.0
0.0,0.999999999869,1.30945084615e-10,0.0
0.0,0.242252248484,0.757747751516,1.0
0.0,0.999999999465,5.34957700438e-10,0.0
0.0,1.0,4.51032814453e-43,0.0
0.0,1.0,1.8336086333e-23,0.0
0.0,8.25823615566e-11,0.999999999917,1.0
0.0,0.999999999994,5.60946863501e-12,0.0
0.0,1.19005551066e-10,0.999999999881,1.0
0.0,1.0,1.69439541117e-26,0.0
0.0,1.0,2.92115015548e-28,0.0
0.0,0.999999986599,1.34008556057e-08,0.0
1.0,1.0,5.18196000132e-16,0.0
0.0,1.0,1.4267135865e-87,0.0
0.0,1.0,1.2264334129e-25,0.0
0.0,1.0,2.38025302973e-23,0.0
0.0,1.0,7.33041547752e-26,0.0
0.0,1.0,5.47076577997e-55,0.0
0.0,1.0,3.05601287579e-22,0.0
0.0,1.0,4.13671317705e-44,0.0
0.0,1.0,4.39022978324e-23,0.0
0.0,1.0,3.37764496974e-21,0.0
0.0,0.999999999765,2.351970298e-10,0.0
0.0,1.0,8.11088659167e-35,0.0
0.0,0.999999999999,1.36489926195e-12,0.0
0.0,1.0,1.23896311789e-37,0.0
0.0,1.0,2.03946346344e-69,0.0
0.0,1.0,1.22733757677e-29,0.0
0.0,1.0,1.10495010836e-70,0.0
0.0,1.0,3.88014864677e-41,0.0
0.0,1.0,2.68140882983e-13,0.0
1.0,0.0258774511356,0.974122548864,1.0
1.0,9.27698307164e-172,1.0,1.0
0.0,0.995852594851,0.0041474051488,0.0
1.0,0.999245623219,0.000754376780503,0.0
0.0,0.999999995686,4.31441470196e-09,0.0
1.0,0.690664418272,0.309335581728,0.0
0.0,1.0,3.84354578749e-18,0.0
0.0,1.09423646022e-28,1.0,1.0
0.0,0.999999998238,1.76169032188e-09,0.0
0.0,1.0,1.82731747039e-47,0.0
1.0,1.81256246969e-46,1.0,1.0
0.0,0.999999999999,6.78573872752e-13,0.0
0.0,0.999999915726,8.42736094075e-08,0.0
0.0,0.999942456269,5.75437310533e-05,0.0
1.0,0.00211329357254,0.997886706427,1.0
0.0,0.999999738021,2.61978812744e-07,0.0
0.0,1.0,7.02604456383e-53,0.0
0.0,0.993636543805,0.00636345619542,0.0
0.0,1.0,1.00946927502e-22,0.0
0.0,0.999233993042,0.000766006958417,0.0
0.0,1.0,8.36844999383e-17,0.0
0.0,0.999999982331,1.76689748943e-08,0.0
1.0,0.510618921925,0.489381078075,0.0
1.0,0.0352554190525,0.964744580948,1.0
0.0,3.70864434081e-34,1.0,1.0
0.0,1.0,1.22974774416e-53,0.0
1.0,0.0088823337792,0.991117666221,1.0
1.0,1.81196770368e-12,0.999999999998,1.0
0.0,3.09550989493e-06,0.99999690449,1.0
1.0,1.0,6.64949751172e-22,0.0
1.0,2.88103574114e-07,0.999999711896,1.0
1.0,0.409556323261,0.590443676739,1.0
1.0,9.7672200506e-93,1.0,1.0
0.0,1.0,1.42614222985e-17,0.0
0.0,2.38029833342e-08,0.999999976197,1.0
0.0,1.0,2.40848253645e-22,0.0
0.0,0.880745037495,0.119254962505,0.0
1.0,2.78174746031e-42,1.0,1.0
0.0,0.999999988419,1.15811614253e-08,0.0
1.0,1.0,3.41364272899e-28,0.0
0.0,1.0,2.77062861862e-27,0.0
0.0,1.0,2.96242529743e-35,0.0
1.0,3.9606832184e-24,1.0,1.0
0.0,1.49134261025e-07,0.999999850866,1.0
0.0,1.0,8.16119755748e-60,0.0
0.0,1.0,1.22700802996e-60,0.0
0.0,1.0,6.58989640006e-28,0.0
1.0,2.17960404237e-34,1.0,1.0
1.0,0.0,1.0,1.0
0.0,1.0,3.18079157059e-27,0.0
1.0,1.0,7.92979204305e-14,0.0
0.0,1.0,1.30750934718e-70,0.0
0.0,0.999999997822,2.17802297272e-09,0.0
0.0,0.999999832335,1.67665155264e-07,0.0
1.0,0.961396789154,0.038603210846,0.0
0.0,0.999993080773,6.91922686644e-06,0.0
1.0,0.976977854284,0.0230221457159,0.0
0.0,2.39648795601e-06,0.999997603512,1.0
0.0,0.999999980918,1.90818126334e-08,0.0
0.0,0.453883268815,0.546116731185,1.0
0.0,1.0,5.02935598196e-35,0.0
0.0,1.0,4.17024647139e-18,0.0
1.0,5.31515033022e-05,0.999946848497,1.0
0.0,1.0,3.12881772842e-13,0.0
0.0,1.11431374114e-29,1.0,1.0
1.0,7.33581475671e-108,1.0,1.0
1.0,4.4310989894e-28,1.0,1.0
0.0,1.0,1.0041440969e-30,0.0
1.0,1.27678672405e-165,1.0,1.0
1.0,7.04593851006e-14,1.0,1.0
0.0,1.0,2.36843971446e-26,0.0
1.0,0.999997556964,2.44303558607e-06,0.0
1.0,1.0,4.30903378151e-17,0.0
0.0,1.0,4.23150391441e-24,0.0
1.0,0.00309182379245,0.996908176208,1.0
0.0,0.942058416995,0.0579415830048,0.0
0.0,1.0,1.24749008586e-20,0.0
1.0,1.0,3.82621723516e-29,0.0
0.0,1.0,1.34874943097e-32,0.0
0.0,1.0,5.71080781817e-35,0.0
1.0,1.1223617824e-07,0.999999887764,1.0
1.0,1.54026121826e-35,1.0,1.0
1.0,5.67236928297e-43,1.0,1.0
0.0,0.112442043942,0.887557956058,1.0
0.0,0.999999999999,1.18381357854e-12,0.0
0.0,0.999999996221,3.77927390412e-09,0.0
1.0,0.0187156575114,0.981284342489,1.0
0.0,1.0,1.80883913219e-39,0.0
1.0,0.999999999987,1.31964180509e-11,0.0
0.0,0.0131390072721,0.986860992728,1.0
1.0,3.42864060825e-08,0.999999965714,1.0
0.0,0.997648386919,0.00235161308102,0.0
1.0,8.06278526032e-143,1.0,1.0
0.0,1.0,5.11019736795e-19,0.0
1.0,6.28490781032e-05,0.999937150922,1.0
0.0,2.29872143702e-14,1.0,1.0
0.0,4.88536481427e-08,0.999999951146,1.0
0.0,1.0,1.39568923359e-31,0.0
1.0,1.48967363483e-45,1.0,1.0
0.0,0.998202243717,0.00179775628258,0.0
0.0,0.999999973023,2.6977157023e-08,0.0
1.0,7.18975127089e-15,1.0,1.0
0.0,1.0,1.78127594715e-15,0.0
0.0,1.0,1.3530340038e-26,0.0
0.0,0.0124468213891,0.987553178611,1.0
1.0,0.000518325948688,0.999481674051,1.0
1.0,0.99999915041,8.49589760286e-07,0.0
0.0,5.07586901398e-36,1.0,1.0
1.0,1.0,3.62384334836e-22,0.0
1.0,4.01769675854e-16,1.0,1.0
0.0,0.99999998416,1.58397536323e-08,0.0
0.0,1.0,2.41558847527e-33,0.0
0.0,1.0,1.55165298332e-41,0.0
0.0,0.999999999999,8.18599970884e-13,0.0
0.0,1.0,1.5896068234e-34,0.0
0.0,1.0,8.62726803677e-40,0.0
0.0,1.0,5.74308115898e-21,0.0
0.0,1.0,6.26216289469e-19,0.0
0.0,1.0,1.34971956462e-49,0.0
0.0,1.0,5.67406432228e-17,0.0
0.0,1.0,2.75230540149e-25,0.0
0.0,1.0,2.59132355445e-30,0.0
0.0,0.999999999993,7.04935454375e-12,0.0
0.0,1.0,1.70504500542e-22,0.0
0.0,3.74914277985e-39,1.0,1.0
0.0,1.0,4.76885462417e-36,0.0
0.0,2.52376355432e-64,1.0,1.0
0.0,1.0,5.29246968873e-24,0.0
0.0,2.38447664381e-07,0.999999761552,1.0
0.0,0.999999999938,6.2298114094e-11,0.0
0.0,1.0,3.71444545419e-42,0.0
0.0,1.0,2.05452798314e-20,0.0
0.0,1.0,2.23232852404e-31,0.0
0.0,1.0,2.07883094592e-39,0.0
0.0,1.0,9.62774727556e-51,0.0
0.0,1.0,2.20696022439e-30,0.0
0.0,1.0,1.52164716081e-41,0.0
0.0,1.0,6.62023586059e-16,0.0
0.0,1.0,4.33381168024e-24,0.0
0.0,1.0,8.25945334854e-35,0.0
0.0,1.0,2.11056636943e-33,0.0
0.0,1.55168242799e-24,1.0,1.0
0.0,1.0,1.12080101706e-34,0.0
0.0,1.0,6.18246275551e-56,0.0
0.0,1.0,2.67714277949e-18,0.0
0.0,1.0,3.60005420887e-15,0.0
0.0,1.0,5.35112741786e-21,0.0
0.0,1.0,3.42923273405e-20,0.0
0.0,1.0,1.3822210439e-43,0.0
0.0,1.0,1.47403932654e-18,0.0
0.0,1.0,2.06550575653e-37,0.0
0.0,0.121035260549,0.878964739451,1.0
0.0,1.0,3.81576246791e-49,0.0
0.0,1.0,4.32091969754e-29,0.0
0.0,1.0,7.43063530043e-41,0.0
0.0,1.0,7.05933620257e-45,0.0
0.0,1.0,1.37022453791e-21,0.0
0.0,0.992519086276,0.00748091372433,0.0
0.0,1.0,6.89789373452e-28,0.0
0.0,1.0,5.28302699248e-26,0.0
0.0,1.0,1.46500291422e-25,0.0
0.0,1.0,5.33212251146e-18,0.0
0.0,1.0,3.18145951226e-31,0.0
0.0,1.0,2.90347186162e-42,0.0
0.0,1.0,1.56662408527e-21,0.0
0.0,1.0,1.37440404869e-24,0.0
0.0,1.0,2.09946630699e-33,0.0
0.0,1.0,1.9421340673e-25,0.0
0.0,0.283244811688,0.716755188312,1.0
0.0,4.37717660936e-105,1.0,1.0
0.0,1.0,1.54767790818e-21,0.0
0.0,5.69543605277e-39,1.0,1.0
0.0,1.0,1.09591730165e-30,0.0
0.0,1.0,9.40964884174e-75,0.0
0.0,1.36241447704e-11,0.999999999986,1.0
0.0,1.0,8.25112225645e-22,0.0
1.0,8.07015632682e-10,0.999999999193,1.0
0.0,0.999999998579,1.42144786474e-09,0.0
0.0,1.0,2.52573741214e-24,0.0
0.0,1.0,2.23600921224e-23,0.0
0.0,0.999999853852,1.46148107891e-07,0.0
0.0,0.999641202605,0.000358797395491,0.0
0.0,0.224305277902,0.775694722098,1.0
0.0,1.0,4.88012860336e-49,0.0
0.0,1.0,1.0491025176e-26,0.0
0.0,1.90750487645e-36,1.0,1.0
0.0,0.999999906176,9.3823913547e-08,0.0
0.0,0.99999804415,1.95584956965e-06,0.0
0.0,1.0,3.44281605442e-31,0.0
0.0,1.0,2.00890696984e-25,0.0
0.0,4.32273174206e-20,1.0,1.0
0.0,1.0,7.22663244048e-36,0.0
0.0,2.01783852921e-100,1.0,1.0
0.0,1.0,3.49536677343e-50,0.0
0.0,0.999999997897,2.10251056858e-09,0.0
0.0,1.0,4.5976484652e-25,0.0
0.0,1.0,2.69127003056e-26,0.0
0.0,1.0,5.00043347652e-34,0.0
0.0,1.0,5.51803961315e-42,0.0
0.0,1.0,9.1065129769e-33,0.0
1.0,0.833035132701,0.166964867299,0.0
0.0,1.0,7.11201298977e-24,0.0
0.0,2.49500366234e-15,1.0,1.0
1.0,1.0,1.04606999487e-15,0.0
0.0,1.0,9.21077586936e-18,0.0
0.0,0.999999982563,1.74368889951e-08,0.0
1.0,0.997569535402,0.00243046459773,0.0
0.0,1.0,2.19013913229e-15,0.0
1.0,2.4468995117e-14,1.0,1.0
0.0,0.999992878669,7.12133080475e-06,0.0
1.0,0.0,1.0,1.0
1.0,1.87803913724e-25,1.0,1.0
1.0,0.999999999993,7.47148947195e-12,0.0
1.0,0.00524269791586,0.994757302084,1.0
1.0,0.99999192101,8.07899010535e-06,0.0
0.0,0.000270569446946,0.999729430553,1.0
0.0,0.999999999891,1.08875313885e-10,0.0
0.0,1.0,9.50816017031e-24,0.0
0.0,0.999999998073,1.92706230926e-09,0.0
0.0,0.999999997946,2.05430527381e-09,0.0
0.0,1.0,9.33100468486e-26,0.0
0.0,0.999999999994,5.632589547e-12,0.0
0.0,2.54892537021e-15,1.0,1.0
1.0,1.77545000406e-45,1.0,1.0
1.0,8.08673509461e-08,0.999999919133,1.0
1.0,7.30009843219e-69,1.0,1.0
0.0,1.0,1.82294501039e-22,0.0
0.0,1.0,4.63934996605e-47,0.0
1.0,0.999938402611,6.15973887047e-05,0.0
1.0,6.33420121334e-67,1.0,1.0
0.0,0.99997610778,2.389222006e-05,0.0
1.0,1.46791105311e-285,1.0,1.0
1.0,7.91656666034e-07,0.999999208343,1.0
0.0,0.999905116176,9.48838237457e-05,0.0
0.0,1.0,3.01933197652e-15,0.0
0.0,1.80106825328e-07,0.999999819893,1.0
1.0,5.11283126393e-67,1.0,1.0
0.0,1.0,5.03782411902e-32,0.0
1.0,0.999994141532,5.85846798821e-06,0.0
1.0,2.31019232294e-05,0.999976898077,1.0
1.0,0.999999976303,2.36965322517e-08,0.0
0.0,1.0,6.22588126457e-40,0.0
0.0,2.34744309733e-08,0.999999976526,1.0
1.0,9.6849850449e-57,1.0,1.0
1.0,3.08711474105e-120,1.0,1.0
0.0,0.0669806193485,0.933019380651,1.0
0.0,2.07006843271e-25,1.0,1.0
0.0,0.999999998206,1.79392937656e-09,0.0
0.0,0.999999999997,3.06134302691e-12,0.0
1.0,0.905564763427,0.0944352365735,0.0
1.0,0.00163647969036,0.99836352031,1.0
1.0,1.0,3.68036787236e-17,0.0
1.0,5.4486068349e-10,0.999999999455,1.0
0.0,0.661719647174,0.338280352826,0.0
0.0,1.0,9.86260514503e-30,0.0
0.0,0.999999946346,5.36535552118e-08,0.0
0.0,1.0,3.90926123572e-17,0.0
0.0,0.999985270773,1.47292270622e-05,0.0
0.0,1.0,3.54226099758e-26,0.0
1.0,1.63566242768e-11,0.999999999984,1.0
0.0,1.0,5.84636574842e-27,0.0
0.0,1.0,1.66955962901e-19,0.0
0.0,1.0,1.07024944129e-33,0.0
0.0,0.999999016277,9.83723176572e-07,0.0
0.0,0.991170136458,0.00882986354184,0.0
0.0,1.0,4.21312692424e-27,0.0
1.0,0.0,1.0,1.0
1.0,1.29245811133e-11,0.999999999987,1.0
1.0,0.0,1.0,1.0
1.0,0.000944391518012,0.999055608482,1.0
1.0,2.13929590269e-08,0.999999978607,1.0
0.0,0.999999994314,5.68602187637e-09,0.0
1.0,0.9999999892,1.08004360526e-08,0.0
1.0,0.850822963777,0.149177036223,0.0
1.0,1.31878810876e-69,1.0,1.0
0.0,1.0,1.1108231095e-61,0.0
0.0,0.999982747492,1.72525077048e-05,0.0
1.0,5.53918742227e-12,0.999999999994,1.0
0.0,0.999999558728,4.41271780489e-07,0.0
0.0,1.0,7.93616105621e-50,0.0
1.0,0.998410806651,0.0015891933491,0.0
0.0,1.30233178377e-241,1.0,1.0
0.0,0.999996274829,3.72517051826e-06,0.0
1.0,0.227566764213,0.772433235787,1.0
0.0,1.0,6.83568383605e-37,0.0
0.0,1.95181662408e-08,0.999999980482,1.0
0.0,0.00205968516108,0.997940314839,1.0
0.0,1.0,1.16020242248e-30,0.0
1.0,1.66949361421e-20,1.0,1.0
1.0,2.90198953466e-05,0.999970980105,1.0
1.0,0.999999688267,3.11733226459e-07,0.0
0.0,1.0,3.8343075319e-28,0.0
0.0,0.999999999121,8.79367929869e-10,0.0
0.0,0.999999999999,1.20362208891e-12,0.0
1.0,1.44450222738e-20,1.0,1.0
1.0,1.38759962759e-19,1.0,1.0
0.0,1.0,1.72744599241e-24,0.0
0.0,1.0,1.58219847569e-58,0.0
1.0,8.20229281527e-16,1.0,1.0
0.0,1.0,1.63289954035e-23,0.0
0.0,1.0,4.20144285119e-25,0.0
0.0,1.0,3.32335635821e-30,0.0
1.0,8.90479057458e-05,0.999910952094,1.0
1.0,0.998957861567,0.00104213843348,0.0
0.0,0.999999736329,2.63670849484e-07,0.0
0.0,1.0,1.37495280056e-22,0.0
0.0,1.0,6.52692501346e-32,0.0
0.0,6.37908100133e-37,1.0,1.0
0.0,1.0,1.72596774993e-48,0.0
0.0,1.0,1.36288412653e-19,0.0
0.0,1.0,1.56080436306e-36,0.0
0.0,0.00081644456741,0.999183555433,1.0
0.0,2.94886337226e-29,1.0,1.0
1.0,1.20566828708e-11,0.999999999988,1.0
0.0,1.0,5.39215129801e-50,0.0
0.0,1.0,2.10993444261e-22,0.0
0.0,0.999999941686,5.83141793074e-08,0.0
1.0,8.49300943801e-58,1.0,1.0
0.0,1.0,1.11386431461e-14,0.0
0.0,1.0,9.54402943008e-36,0.0
0.0,1.0,5.96819588348e-37,0.0
0.0,1.0,1.71754022749e-31,0.0
0.0,1.0,7.14722900596e-20,0.0
0.0,0.999999903315,9.66845615413e-08,0.0
0.0,3.5119467489e-42,1.0,1.0
0.0,1.0,2.03949168822e-52,0.0
0.0,1.0,5.97502839723e-46,0.0
0.0,1.0,3.08660647214e-24,0.0
0.0,0.99961773755,0.000382262449967,0.0
0.0,0.999997883345,2.11665455898e-06,0.0
0.0,1.0,2.43086389582e-43,0.0
0.0,1.0,5.23785879223e-32,0.0
0.0,1.0,1.71242362788e-25,0.0
0.0,0.999999999908,9.24303356167e-11,0.0
0.0,1.0,4.05827836069e-23,0.0
0.0,0.999999999599,4.0074580226e-10,0.0
0.0,1.0,3.74789406892e-34,0.0
0.0,1.0,1.99597664189e-24,0.0
0.0,0.999999999982,1.79760266764e-11,0.0
0.0,1.0,1.73984822578e-16,0.0
1.0,1.84747317688e-74,1.0,1.0
0.0,2.38449983939e-16,1.0,1.0
0.0,1.0,1.80079273395e-31,0.0
0.0,1.0,7.10752450413e-19,0.0
1.0,5.43485644345e-169,1.0,1.0
0.0,1.0,1.03744212306e-33,0.0
0.0,1.0,1.08262054437e-35,0.0
1.0,2.93229573396e-36,1.0,1.0
0.0,0.999999999999,5.3882427616e-13,0.0
0.0,0.999999999997,3.4533651923e-12,0.0
1.0,0.206641460153,0.793358539847,1.0
0.0,1.0,4.72178666509e-35,0.0
0.0,1.0,2.26093993543e-42,0.0
0.0,3.66934635433e-63,1.0,1.0
0.0,1.0,1.60444294558e-33,0.0
0.0,1.0,8.76189293039e-19,0.0
0.0,1.0,1.84739663671e-29,0.0
0.0,1.0,1.10245493192e-14,0.0
0.0,1.0,3.0293613007e-30,0.0
0.0,1.0,1.92140629219e-36,0.0
0.0,1.0,3.13983782175e-33,0.0
0.0,1.0,3.65512576165e-26,0.0
0.0,1.0,1.26534548119e-18,0.0
1.0,4.52821545737e-46,1.0,1.0
0.0,0.978999869093,0.0210001309069,0.0
0.0,1.0,5.22766279216e-24,0.0
0.0,1.0,1.24381326579e-28,0.0
0.0,1.0,4.07684979307e-24,0.0
0.0,1.0,9.36229064613e-57,0.0
0.0,0.999883837551,0.000116162449393,0.0
0.0,1.0,1.16825153623e-15,0.0
0.0,1.0,4.95018097183e-18,0.0
0.0,1.0,8.44607898929e-14,0.0
0.0,0.999999789276,2.10724199492e-07,0.0
0.0,1.0,1.38162761044e-32,0.0
0.0,1.0,9.92183093827e-19,0.0
0.0,1.0,2.90980399781e-14,0.0
1.0,1.0,4.54939587678e-14,0.0
0.0,1.0,1.83751390794e-15,0.0
0.0,1.0,9.64402023137e-24,0.0
0.0,0.999999998164,1.83566530884e-09,0.0
0.0,1.0,5.89449284261e-15,0.0
0.0,0.999999965232,3.47676232496e-08,0.0
0.0,1.0,6.40440402185e-23,0.0
0.0,1.0,1.16527779341e-15,0.0
0.0,1.0,3.13262418908e-27,0.0
0.0,1.0,1.20218046609e-24,0.0
0.0,1.0,3.77504752389e-39,0.0
0.0,1.0,2.15295217708e-26,0.0
0.0,1.0,4.67292561462e-13,0.0
0.0,1.0,1.57304848464e-33,0.0
0.0,1.0,1.42837647343e-15,0.0
0.0,0.999999992582,7.41843203437e-09,0.0
0.0,0.999999998715,1.28468780425e-09,0.0
0.0,1.0,2.25592284061e-37,0.0
0.0,1.0,2.0575059398e-47,0.0
0.0,0.999999967562,3.24378887483e-08,0.0
0.0,1.03903999761e-56,1.0,1.0
0.0,0.996209648927,0.00379035107326,0.0
0.0,1.0,3.16036835115e-40,0.0
0.0,1.0,1.09146325358e-25,0.0
0.0,0.999923092658,7.69073423833e-05,0.0
0.0,1.0,3.03541729786e-15,0.0
0.0,1.0,7.31060150246e-32,0.0
0.0,1.0,7.62490986956e-25,0.0
1.0,5.36716948131e-26,1.0,1.0
0.0,0.999999999972,2.83692125345e-11,0.0
0.0,3.17141127523e-07,0.999999682859,1.0
1.0,4.30004915208e-21,1.0,1.0
0.0,0.96598778803,0.0340122119702,0.0
0.0,1.0,2.32001041702e-21,0.0
1.0,1.0,1.25913284886e-13,0.0
0.0,1.0,1.94699314852e-50,0.0
0.0,1.0,1.59710581616e-31,0.0
0.0,0.99998051607,1.94839295269e-05,0.0
0.0,0.999612847971,0.000387152029414,0.0
0.0,0.822857867994,0.177142132006,0.0
0.0,0.999998793203,1.20679744043e-06,0.0
0.0,1.96417965556e-08,0.999999980358,1.0
0.0,1.0,7.86531826058e-47,0.0
0.0,1.0,9.06417544277e-39,0.0
1.0,0.60892208153,0.39107791847,0.0
1.0,2.48927066704e-16,1.0,1.0
0.0,1.0,8.58550069496e-27,0.0
0.0,0.0240682507523,0.975931749248,1.0
0.0,2.5441789207e-16,1.0,1.0
0.0,0.999999926508,7.3492171111e-08,0.0
0.0,0.749226944343,0.250773055657,0.0
1.0,0.999427039398,0.000572960602428,0.0
0.0,1.0,9.73236963853e-34,0.0
0.0,1.0,1.94268596476e-24,0.0
0.0,1.0,3.85263552134e-36,0.0
0.0,0.99999996482,3.51799231383e-08,0.0
0.0,0.997212990312,0.00278700968775,0.0
0.0,0.999999999998,2.1473537378e-12,0.0
0.0,1.0,4.38335646909e-15,0.0
0.0,1.0,8.1035585161e-21,0.0
0.0,0.999420086471,0.000579913529358,0.0
1.0,4.71277191998e-13,1.0,1.0
1.0,0.999999999999,7.13225329292e-13,0.0
0.0,1.0,2.50613780536e-29,0.0
0.0,1.0,8.74285282893e-26,0.0
0.0,1.54818189537e-11,0.999999999985,1.0
0.0,1.0,4.24560567156e-22,0.0
0.0,1.0,6.26032473241e-30,0.0
0.0,4.4852388457e-08,0.999999955148,1.0
1.0,0.000439756781714,0.999560243218,1.0
0.0,1.0,3.61619800565e-21,0.0
0.0,0.999652899679,0.000347100321158,0.0
1.0,4.57015235341e-71,1.0,1.0
0.0,1.0,3.27309963289e-30,0.0
0.0,1.0,9.08358628211e-45,0.0
0.0,1.0,1.32291526449e-24,0.0
0.0,1.0,1.49381695782e-19,0.0
0.0,0.0161972425538,0.983802757446,1.0
0.0,1.0,8.13739635192e-21,0.0
1.0,0.0,1.0,1.0
0.0,1.0,5.27351585153e-35,0.0
0.0,0.999952296505,4.77034946438e-05,0.0
0.0,1.0,3.12697610869e-49,0.0
0.0,1.0,2.51917402393e-32,0.0
1.0,3.1568627396e-08,0.999999968431,1.0
0.0,1.0,9.10217485165e-23,0.0
0.0,1.0,3.97441077612e-57,0.0
0.0,0.999999911354,8.86461590925e-08,0.0
0.0,1.0,7.33882959098e-38,0.0
1.0,7.41046207557e-71,1.0,1.0
0.0,1.0,9.06633556585e-27,0.0
0.0,1.0,1.26532490496e-29,0.0
1.0,1.11247431113e-14,1.0,1.0
1.0,0.0,1.0,1.0
1.0,6.40741254521e-09,0.999999993593,1.0
0.0,0.763648042038,0.236351957962,0.0
0.0,0.999977473444,2.25265560111e-05,0.0
0.0,0.999999999662,3.37608345767e-10,0.0
1.0,0.999999998363,1.63656809241e-09,0.0
0.0,0.999999999993,6.75263583919e-12,0.0
0.0,1.0,5.78229561136e-53,0.0
0.0,1.0,1.58155951247e-20,0.0
0.0,1.0,1.31782587676e-15,0.0
1.0,4.47456591317e-05,0.999955254341,1.0
1.0,5.25338515005e-09,0.999999994747,1.0
1.0,0.999999997448,2.55154846558e-09,0.0
0.0,1.0,2.66983451814e-23,0.0
0.0,1.0,1.76599875911e-47,0.0
0.0,1.0,1.53358592397e-18,0.0
0.0,0.999994674971,5.32502878054e-06,0.0
0.0,1.0,8.27113877621e-17,0.0
0.0,1.0,1.51639488195e-32,0.0
0.0,0.99954867039,0.000451329610206,0.0
1.0,5.1029428487e-91,1.0,1.0
1.0,0.99789299858,0.00210700142047,0.0
0.0,1.0,1.8001344646e-29,0.0
0.0,1.0,1.2211292156e-61,0.0
1.0,2.67710158352e-53,1.0,1.0
0.0,5.6819930429e-10,0.999999999432,1.0
1.0,1.29079677339e-60,1.0,1.0
0.0,0.999999999992,8.38524781813e-12,0.0
0.0,1.0,1.90584425174e-20,0.0
0.0,0.99999999992,8.01067705108e-11,0.0
0.0,1.06843312556e-08,0.999999989316,1.0
0.0,9.13066218621e-28,1.0,1.0
0.0,1.0,9.4132081678e-25,0.0
1.0,1.17717128503e-12,0.999999999999,1.0
1.0,1.28366627779e-05,0.999987163337,1.0
1.0,0.00085128114617,0.999148718854,1.0
0.0,1.0,4.65293130897e-18,0.0
0.0,1.0,1.02699862921e-19,0.0
0.0,1.0,1.13075132205e-22,0.0
0.0,2.37065980868e-50,1.0,1.0
0.0,0.999999882847,1.1715266922e-07,0.0
0.0,0.999999999999,1.10092476905e-12,0.0
0.0,1.0,1.33707298108e-31,0.0
0.0,0.999991390297,8.60970306488e-06,0.0
1.0,1.12862352843e-47,1.0,1.0
0.0,1.0,8.41816179232e-44,0.0
0.0,1.0,5.31728029305e-21,0.0
0.0,1.0,9.70100951781e-25,0.0
0.0,1.0,2.81192885368e-40,0.0
0.0,1.0,1.21220484343e-26,0.0
0.0,1.0,1.03604960061e-35,0.0
0.0,1.0,8.94852816797e-20,0.0
0.0,1.0,2.81515960702e-20,0.0
0.0,1.0,8.40563752504e-38,0.0
1.0,1.82153091859e-98,1.0,1.0
0.0,1.0,1.15693911359e-32,0.0
0.0,1.0,4.21804042253e-19,0.0
0.0,1.0,4.18014472762e-40,0.0
0.0,1.0,2.05268903996e-42,0.0
0.0,4.31793074129e-19,1.0,1.0
0.0,1.0,2.88027586568e-15,0.0
0.0,1.0,1.06242161315e-28,0.0
0.0,1.0,7.45279762914e-53,0.0
0.0,1.0,2.85580193848e-32,0.0
0.0,1.0,8.76511995507e-48,0.0
0.0,1.0,5.01729926698e-39,0.0
0.0,1.0,6.27274756966e-50,0.0
0.0,1.0,6.37211487282e-54,0.0
0.0,1.0,8.38999618043e-19,0.0
0.0,0.999999845037,1.54962825214e-07,0.0
0.0,1.0,3.32591699009e-39,0.0
0.0,1.0,6.96122382029e-23,0.0
1.0,1.0,1.53759956954e-25,0.0
0.0,1.0,5.88237456559e-53,0.0
0.0,1.0,4.68404609102e-16,0.0
0.0,0.999999999484,5.16084608507e-10,0.0
1.0,1.0,1.1004987864e-18,0.0
0.0,0.015817897688,0.984182102312,1.0
0.0,1.0,8.6249772823e-36,0.0
1.0,1.0,1.16924362632e-15,0.0
0.0,0.999999999654,3.4599079583e-10,0.0
0.0,0.983589189193,0.0164108108072,0.0
0.0,0.999999999948,5.20173524368e-11,0.0
0.0,1.0,2.67796934785e-52,0.0
0.0,1.0,8.94267567201e-20,0.0
0.0,1.16967082299e-57,1.0,1.0
0.0,1.0,1.23103722994e-39,0.0
0.0,1.0,4.32792349104e-36,0.0
0.0,0.999999999341,6.58499002088e-10,0.0
0.0,1.0,1.17720074957e-29,0.0
0.0,0.825689725707,0.174310274293,0.0
0.0,1.0,4.19808312667e-39,0.0
0.0,1.15093879941e-49,1.0,1.0
0.0,1.0,8.37975018097e-27,0.0
0.0,1.0,2.76480499111e-54,0.0
0.0,1.0,3.0272827415e-36,0.0
0.0,1.0,4.86091505623e-20,0.0
0.0,1.0,3.53270915879e-22,0.0
0.0,1.0,8.4901389415e-29,0.0
0.0,1.0,3.36115253335e-31,0.0
0.0,1.0,3.77017425431e-37,0.0
0.0,1.0,2.22759481403e-26,0.0
0.0,1.0,3.4270959817e-64,0.0
0.0,1.0,4.16824658727e-30,0.0
0.0,1.0,4.25040186575e-21,0.0
0.0,7.17996886993e-13,0.999999999999,1.0
0.0,1.0,4.72997818126e-24,0.0
0.0,1.0,9.27254082073e-43,0.0
0.0,1.0,2.68333767064e-27,0.0
0.0,0.999999999306,6.94436617123e-10,0.0
0.0,1.0,2.080443987e-37,0.0
0.0,1.0,1.91979562292e-32,0.0
0.0,1.0,4.18457080118e-26,0.0
0.0,0.999999999999,1.26053212131e-12,0.0
0.0,1.0,2.67454286226e-27,0.0
0.0,1.0,4.65768815474e-27,0.0
1.0,0.99999999988,1.19657396616e-10,0.0
0.0,1.0,1.57092359145e-22,0.0
0.0,1.0,5.54273401715e-83,0.0
1.0,1.26580116287e-15,1.0,1.0
0.0,1.0,2.56777220026e-43,0.0
0.0,2.6884256633e-11,0.999999999973,1.0
0.0,1.0,1.56722298415e-24,0.0
0.0,1.0,3.7011837259e-41,0.0
0.0,2.65021490861e-21,1.0,1.0
0.0,1.0,5.01610648724e-72,0.0
0.0,7.4548202292e-08,0.999999925452,1.0
0.0,0.995093531725,0.00490646827491,0.0
0.0,4.82712042929e-07,0.999999517288,1.0
0.0,1.0,3.44199584704e-13,0.0
